nome,cpf,idade,data,endereco,bairro,estado
Sr. Vitor Gabriel Silva,640.***.***-0,91.0,1933-12-06,Endereço inválido,vila tirol,AP
Calebe Santos,651.***.***-4,40.0,1984-03-06,Endereço inválido,ernesto nascimento,PB
Maria Julia Castro,164.***.***-4,77.0,1947-04-12,Endereço inválido,jatobá,AL
Arthur Da Rosa,085.***.***-3,54.0,1970-04-16,Endereço inválido,vila suzana segunda seção,SE
Juan Pereira,520.***.***-2,69.0,1955-10-25,Endereço inválido,estrela,BA
Dra. Ana Laura Ribeiro,210.***.***-2,70.0,1954-05-09,Endereço inválido,são francisco,SP
Maria Clara Araújo,960.***.***-8,41.0,1983-03-14,Endereço inválido,conjunto celso machado,RO
Vitória Oliveira,302.***.***-8,31.0,1993-03-10,Endereço inválido,conjunto paulo vi,GO
Benjamin Oliveira,451.***.***-8,50.0,1974-05-16,Endereço inválido,vila primeiro de maio,CE
Pietro Barros,843.***.***-5,52.0,1972-08-19,Endereço inválido,vila aeroporto jaraguá,PB
Samuel Cavalcanti,520.***.***-0,90.0,1934-11-26,Endereço inválido,nova america,TO
Ian Da Costa,384.***.***-7,24.0,2001-01-21,Endereço inválido,vila da amizade,PB
Dr. Emanuel Costa,736.***.***-1,55.0,1969-03-09,Endereço inválido,mariano de abreu,RJ
Larissa Da Cruz,128.***.***-6,84.0,1940-11-22,Endereço inválido,chácara leonina,RR
Diogo Carvalho,078.***.***-9,83.0,1941-03-10,Endereço inválido,tiradentes,RS
Sr. Anthony Almeida,305.***.***-6,38.0,1987-02-03,Endereço inválido,anchieta,RJ
Clara Martins,397.***.***-8,77.0,1947-03-14,Endereço inválido,conjunto lagoa,MG
Dr. Luiz Felipe Cardoso,374.***.***-2,70.0,1954-07-20,Endereço inválido,boa esperança,PE
Sr. Calebe Lopes,135.***.***-7,63.0,1961-10-19,Endereço inválido,dom bosco,RO
Miguel Monteiro,097.***.***-4,55.0,1969-06-27,Endereço inválido,pompéia,SE
Srta. Catarina Da Mata,468.***.***-5,82.0,1942-07-05,Endereço inválido,novo santa cecilia,AM
João Gabriel Araújo,625.***.***-2,74.0,1950-09-13,Endereço inválido,vila nova cachoeirinha 1ª seção,MT
Sr. Nicolas Azevedo,036.***.***-3,36.0,1989-01-18,Endereço inválido,vila barragem santa lúcia,AC
Kamilly Caldeira,508.***.***-4,46.0,1979-07-04,Endereço inválido,madre gertrudes,AP
Renan Araújo,186.***.***-5,79.0,1945-03-06,Endereço inválido,alta tensão 1ª seção,CE
Vicente Nascimento,054.***.***-3,63.0,1961-02-22,"largo vieira
milionario
78970057 dias / df",milionario,DF
Isaac Rocha,873.***.***-6,58.0,1966-11-30,Endereço inválido,anchieta,PE
Julia Das Neves,819.***.***-0,61.0,1963-08-28,Endereço inválido,nossa senhora de fátima,ES
Breno Rodrigues,196.***.***-3,96.0,1928-10-24,Endereço inválido,dona clara,AM
Isabel Nogueira,968.***.***-6,64.0,1960-10-21,Endereço inválido,miramar,TO
Anthony Araújo,208.***.***-2,39.0,1985-09-07,Endereço inválido,vila rica,AP
Sra. Marina Da Cunha,067.***.***-9,56.0,1968-09-09,Endereço inválido,estrela,RN
Helena Cardoso,853.***.***-3,52.0,1972-05-29,Endereço inválido,indaiá,RR
Luigi Nunes,593.***.***-2,51.0,1973-06-17,Endereço inválido,castelo,RR
Srta. Raquel Da Costa,278.***.***-0,59.0,1965-05-07,Endereço inválido,venda nova,PB
Sra. Ana Vitória Oliveira,120.***.***-1,62.0,1963-11-01,Endereço inválido,juliana,PA
Luiza Campos,974.***.***-0,53.0,1972-01-13,Endereço inválido,conjunto providencia,SC
Lucca Da Paz,526.***.***-9,72.0,1952-04-14,Endereço inválido,conjunto taquaril,RN
Nathan Da Rosa,907.***.***-2,32.0,1992-11-05,Endereço inválido,paraíso,AM
Lívia Silveira,804.***.***-8,62.0,1962-11-22,Endereço inválido,castanheira,AL
Isabel Cavalcanti,492.***.***-0,55.0,1969-05-10,Endereço inválido,vista alegre,PA
Rafael Nunes,285.***.***-7,39.0,1985-08-28,Endereço inválido,estrela do oriente,GO
Elisa Fogaça,572.***.***-9,96.0,1928-12-13,Endereço inválido,vila real 2ª seção,PE
Agatha Ramos,948.***.***-8,25.0,2000-12-03,Endereço inválido,suzana,RJ
Kamilly Rocha,946.***.***-4,60.0,1964-09-19,Endereço inválido,cruzeiro,DF
Antônio Das Neves,435.***.***-8,41.0,1983-07-31,Endereço inválido,vila são rafael,SC
Luiz Gustavo Alves,198.***.***-1,46.0,1978-07-08,Endereço inválido,vila nova dos milionarios,MS
Emanuella Fernandes,097.***.***-9,88.0,1936-07-21,Endereço inválido,padre eustáquio,PR
Srta. Ana Beatriz Farias,431.***.***-3,63.0,1961-08-07,Endereço inválido,jardim dos comerciarios,PE
Yago Monteiro,865.***.***-0,45.0,1979-06-22,Endereço inválido,buraco quente,BA
Yasmin Gonçalves,017.***.***-1,77.0,1947-09-26,Endereço inválido,salgado filho,BA
Bruna Nascimento,132.***.***-5,35.0,1989-04-13,Endereço inválido,minaslandia,DF
Davi Luiz Nogueira,873.***.***-5,98.0,1926-12-20,Endereço inválido,paquetá,ES
Ian Monteiro,324.***.***-9,25.0,1999-12-11,Endereço inválido,casa branca,MS
Srta. Helena Silva,905.***.***-0,36.0,1988-11-14,Endereço inválido,ouro minas,AC
Bárbara Novaes,038.***.***-1,89.0,1935-05-24,Endereço inválido,betânia,PA
Sr. Pedro Lucas Costela,534.***.***-0,31.0,1993-08-24,Endereço inválido,pindura saia,ES
Rafael Jesus,673.***.***-8,23.0,2001-08-16,Endereço inválido,silveira,DF
Sra. Alícia Caldeira,051.***.***-7,91.0,1934-12-04,Endereço inválido,apolonia,PA
Danilo Martins,760.***.***-3,99.0,1925-03-30,Endereço inválido,bacurau,AP
Sr. Gabriel Da Rosa,530.***.***-5,50.0,1974-09-10,Endereço inválido,novo santa cecilia,CE
Augusto Teixeira,412.***.***-1,70.0,1954-11-15,Endereço inválido,savassi,RR
Ana Julia Da Rosa,630.***.***-6,43.0,1981-10-10,Endereço inválido,cônego pinheiro 1ª seção,SP
Lucca Barbosa,836.***.***-7,98.0,1926-06-12,Endereço inválido,penha,SP
Amanda Da Costa,268.***.***-2,24.0,2000-11-20,Endereço inválido,ambrosina,SP
Dr. Francisco Cardoso,430.***.***-5,97.0,1927-10-30,Endereço inválido,braúnas,TO
Lorena Farias,268.***.***-8,93.0,1931-04-17,Endereço inválido,zilah sposito,AP
Anthony Da Costa,935.***.***-9,36.0,1988-02-13,Endereço inválido,conjunto califórnia i,SE
Cauã Rodrigues,107.***.***-8,98.0,1926-02-11,Endereço inválido,vila madre gertrudes 4ª seção,AL
Anthony Barbosa,631.***.***-0,87.0,1937-08-19,Endereço inválido,vila satélite,RN
Ana Julia Almeida,179.***.***-0,23.0,2001-07-20,Endereço inválido,senhor dos passos,MA
Milena Barros,314.***.***-5,75.0,1950-08-04,Endereço inválido,ermelinda,PA
Murilo Gomes,759.***.***-9,100.0,1924-05-22,Endereço inválido,vila pilar,SP
Daniel Barbosa,812.***.***-9,29.0,1995-10-05,Endereço inválido,vila sumaré,CE
Dr. Samuel Cardoso,039.***.***-9,47.0,1977-03-20,Endereço inválido,conjunto califórnia ii,BA
Ana Laura Sales,863.***.***-2,79.0,1945-11-24,Endereço inválido,são jorge 1ª seção,PR
Mariana Cunha,492.***.***-2,82.0,1942-07-24,Endereço inválido,novo ouro preto,AM
Sr. João Guilherme Cavalcanti,347.***.***-7,39.0,1985-09-30,Endereço inválido,cruzeiro,MS
Kamilly Rocha,365.***.***-1,64.0,1960-10-29,Endereço inválido,alta tensão 2ª seção,MS
Gabriel Nunes,940.***.***-0,56.0,1968-11-21,Endereço inválido,vista do sol,PA
Rafael Correia,579.***.***-0,73.0,1952-01-03,"morro de cardoso, 47
marçola
82157940 melo / se",marçola,SE
Ana Lívia Barbosa,925.***.***-6,63.0,1961-05-30,Endereço inválido,monsenhor messias,CE
Maitê Teixeira,694.***.***-3,91.0,1933-05-11,Endereço inválido,camponesa 1ª seção,PE
Carlos Eduardo Santos,937.***.***-3,69.0,1955-03-29,Endereço inválido,delta,PR
Enzo Gabriel Araújo,349.***.***-9,71.0,1953-09-15,Endereço inválido,Desconhecido,Desconhecido
Breno Moreira,184.***.***-4,40.0,1984-03-23,Endereço inválido,vila sumaré,AL
Julia Lopes,106.***.***-3,47.0,1977-02-13,Endereço inválido,vila minaslandia,PR
André Lima,645.***.***-7,80.0,1944-11-06,Endereço inválido,belmonte,RO
João Gabriel Barbosa,190.***.***-6,55.0,1969-02-23,Endereço inválido,boa esperança,DF
,438.***.***-5,22.0,2002-04-13,Endereço inválido,aarão reis,GO
João Felipe Oliveira,830.***.***-0,43.0,1981-10-18,Endereço inválido,madre gertrudes,RN
Samuel Vieira,218.***.***-5,41.0,1984-07-02,Endereço inválido,chácara leonina,MT
Lucca Ferreira,237.***.***-1,86.0,1938-03-30,Endereço inválido,andiroba,MG
Samuel Castro,582.***.***-7,71.0,1954-02-04,Endereço inválido,cachoeirinha,AL
Maria Vitória Teixeira,426.***.***-2,62.0,1962-12-16,Endereço inválido,vila nova,PA
Maria Fernanda Farias,907.***.***-2,23.0,2001-07-18,Endereço inválido,chácara leonina,AM
Fernanda Sales,879.***.***-3,71.0,1953-02-05,Endereço inválido,vila mantiqueira,PE
Srta. Eduarda Nogueira,602.***.***-0,67.0,1958-01-13,Endereço inválido,vila da amizade,PB
Maitê Ferreira,016.***.***-9,66.0,1958-04-24,Endereço inválido,calafate,PR
Catarina Pires,079.***.***-1,48.0,1977-01-28,Endereço inválido,vila primeiro de maio,MT
Manuela Da Rocha,839.***.***-5,75.0,1949-05-21,Endereço inválido,saudade,SP
Nina Moura,604.***.***-2,47.0,1977-07-23,Endereço inválido,marieta 1ª seção,PA
Pedro Henrique Vieira,526.***.***-0,43.0,1981-08-14,Endereço inválido,vila boa vista,RR
Ana Clara Cunha,862.***.***-0,37.0,1987-04-09,Endereço inválido,vila da paz,AC
Pietra Santos,508.***.***-6,95.0,1929-06-14,Endereço inválido,vila puc,GO
Sr. Theo Da Conceição,284.***.***-1,27.0,1998-10-04,Endereço inválido,centro,RR
Vinicius Da Costa,023.***.***-1,67.0,1958-06-03,Endereço inválido,satelite,PA
Pedro Henrique Cunha,519.***.***-9,60.0,1965-06-03,Endereço inválido,vila atila de paiva,ES
Davi Nogueira,564.***.***-1,75.0,1949-12-14,Endereço inválido,bandeirantes,CE
Luiz Fernando Da Paz,409.***.***-1,81.0,1943-04-30,Endereço inválido,conjunto jardim filadélfia,TO
Srta. Letícia Rocha,137.***.***-3,78.0,1947-12-01,Endereço inválido,nova pampulha,SC
João Nogueira,367.***.***-1,91.0,1933-02-22,Endereço inválido,heliopolis,CE
João Gabriel Cardoso,962.***.***-3,54.0,1970-07-13,Endereço inválido,vila independencia 2ª seção,AC
Ryan Ribeiro,409.***.***-4,96.0,1928-12-18,Endereço inválido,vila são paulo,PB
Olivia Das Neves,314.***.***-5,24.0,2001-01-27,Endereço inválido,paquetá,AL
Sr. Luiz Miguel Pinto,942.***.***-7,56.0,1968-04-17,Endereço inválido,chácara leonina,SC
Elisa Teixeira,217.***.***-7,80.0,1944-05-07,Endereço inválido,vila são francisco,ES
Pedro Miguel Das Neves,523.***.***-0,60.0,1964-12-15,Endereço inválido,engenho nogueira,RS
Maria Luiza Azevedo,064.***.***-4,77.0,1947-04-29,Endereço inválido,vila jardim montanhes,PE
Lorenzo Silva,642.***.***-1,48.0,1976-05-09,Endereço inválido,mariano de abreu,RJ
Bianca Souza,673.***.***-4,98.0,1926-05-25,Endereço inválido,vila betânia,SC
Vitor Azevedo,643.***.***-2,72.0,1953-11-01,Endereço inválido,vila nova gameleira 1ª seção,AL
Enzo Gabriel Lima,187.***.***-9,58.0,1967-01-28,Endereço inválido,santo antônio,SP
Eduarda Cunha,093.***.***-3,60.0,1964-09-17,Endereço inválido,santana do cafezal,PI
Sra. Nicole Da Rocha,367.***.***-0,80.0,1944-10-10,Endereço inválido,vila antena,RR
Ana Clara Santos,430.***.***-0,36.0,1988-04-15,Endereço inválido,vila são francisco,DF
Enzo Gabriel Castro,694.***.***-6,97.0,1927-07-11,Endereço inválido,são geraldo,PB
Nicole Ferreira,701.***.***-2,28.0,1996-02-11,Endereço inválido,funcionários,ES
Erick Sales,498.***.***-4,38.0,1986-09-13,Endereço inválido,vila santa monica 1ª seção,PR
Anthony Barros,742.***.***-0,43.0,1981-10-24,Endereço inválido,jardim alvorada,PA
Renan Da Rocha,986.***.***-1,53.0,1971-03-08,Endereço inválido,grajaú,RO
Marcela Santos,843.***.***-4,25.0,1999-12-23,Endereço inválido,planalto,RN
Carolina Melo,970.***.***-0,40.0,1984-06-06,Endereço inválido,são geraldo,SC
Lavínia Rezende,946.***.***-7,45.0,1979-08-19,Endereço inválido,vila são paulo,CE
Srta. Julia Porto,502.***.***-6,76.0,1948-07-21,Endereço inválido,jardim do vale,MA
Alana Cardoso,572.***.***-4,33.0,1991-04-14,Endereço inválido,cônego pinheiro 1ª seção,PR
Davi Lucas Cardoso,805.***.***-8,29.0,1995-11-15,"viela da paz, 92
serra
95443238 correia / mt",serra,MT
Raul Santos,315.***.***-0,20.0,2004-09-11,Endereço inválido,leticia,SP
Igor Melo,261.***.***-1,47.0,1978-02-03,Endereço inválido,vila copacabana,PR
Joaquim Da Costa,274.***.***-5,77.0,1947-08-10,Endereço inválido,dom bosco,SP
João Felipe Farias,936.***.***-0,29.0,1996-01-11,Endereço inválido,bairro das indústrias ii,PE
Manuela Almeida,647.***.***-3,76.0,1949-01-27,Endereço inválido,são joão batista,PE
Ryan Rocha,248.***.***-5,65.0,1959-10-25,Endereço inválido,castelo,PI
Luna Da Conceição,935.***.***-9,96.0,1928-02-19,"campo campos, 82
são pedro
10003961 da mata / ma",são pedro,MA
Manuela Silva,591.***.***-7,20.0,2005-09-01,Endereço inválido,acaba mundo,AL
Maria Vitória Das Neves,761.***.***-3,97.0,1928-01-05,Endereço inválido,savassi,PE
Marcela Cunha,904.***.***-3,46.0,1978-06-17,Endereço inválido,universo,SE
Bryan Souza,593.***.***-0,66.0,1958-03-05,Endereço inválido,mala e cuia,BA
Kevin Cavalcanti,658.***.***-0,49.0,1976-01-29,Endereço inválido,vila paris,PR
Sr. João Gabriel Martins,794.***.***-8,75.0,1949-06-14,Endereço inválido,boa viagem,MA
Gabriela Da Mata,746.***.***-9,68.0,1956-06-16,Endereço inválido,inconfidência,CE
Srta. Júlia Fernandes,650.***.***-9,49.0,1975-11-19,Endereço inválido,jatobá,TO
Bárbara Silveira,386.***.***-0,41.0,1983-12-25,Endereço inválido,vila paraíso,RN
Vinicius Jesus,549.***.***-9,90.0,1934-12-08,"morro de duarte
pindorama
91232749 cunha / rs",pindorama,RS
Srta. Alice Pires,536.***.***-5,42.0,1982-07-08,Endereço inválido,santa sofia,RO
Lara Ferreira,698.***.***-7,73.0,1951-10-23,Endereço inválido,lajedo,RS
Felipe Freitas,863.***.***-0,99.0,1925-04-27,Endereço inválido,vila real 1ª seção,AC
Maysa Pires,852.***.***-1,69.0,1955-10-08,Endereço inválido,carlos prates,PR
Letícia Da Mata,308.***.***-3,49.0,1976-08-04,Endereço inválido,vila são dimas,PR
Luigi Cunha,623.***.***-3,93.0,1932-01-24,Endereço inválido,senhor dos passos,PA
Lucas Gabriel Gomes,120.***.***-4,20.0,2004-02-23,Endereço inválido,flamengo,PI
Emanuelly Costela,152.***.***-9,47.0,1977-10-21,"vale de vieira, 67
suzana
02233962 alves / pa",suzana,PA
Calebe Nascimento,631.***.***-8,85.0,1939-02-25,Endereço inválido,lagoinha,RJ
Juan Pires,139.***.***-4,76.0,1948-03-12,Endereço inválido,são pedro,MS
Lívia Costa,582.***.***-5,82.0,1942-10-18,Endereço inválido,vila da ária,AM
Davi Lucas Nunes,679.***.***-0,22.0,2003-01-07,"vila viana, 68
nova cintra
01930898 porto / am",nova cintra,AM
Dr. Lucca Oliveira,806.***.***-7,90.0,1934-06-24,Endereço inválido,vila jardim montanhes,PB
Eduardo Monteiro,037.***.***-6,62.0,1962-11-09,Endereço inválido,vila nova paraíso,PE
Diogo Moraes,571.***.***-5,48.0,1977-01-12,Endereço inválido,aguas claras,RJ
Felipe Freitas,657.***.***-5,19.0,2005-12-08,Endereço inválido,ermelinda,RR
Ryan Peixoto,830.***.***-9,28.0,1996-08-25,Endereço inválido,xodo-marize,TO
Otávio Pires,526.***.***-0,26.0,1998-07-16,Endereço inválido,vila oeste,MS
Thiago Moreira,023.***.***-0,62.0,1963-01-11,Endereço inválido,santa inês,SC
Pietro Lopes,428.***.***-1,62.0,1962-04-24,Endereço inválido,salgado filho,SP
Gabriela Gomes,317.***.***-5,43.0,1981-04-13,Endereço inválido,flamengo,RO
João Miguel Viana,183.***.***-7,24.0,2000-05-27,Endereço inválido,funcionários,DF
Sr. Luiz Henrique Nunes,031.***.***-7,76.0,1948-03-17,Endereço inválido,sport club,TO
Srta. Ana Sophia Viana,937.***.***-6,29.0,1995-02-18,Endereço inválido,santo antônio,AP
Sr. Marcelo Aragão,418.***.***-4,86.0,1938-04-06,Endereço inválido,maria virgínia,TO
Enzo Gabriel Da Mota,018.***.***-2,31.0,1993-09-22,Endereço inválido,braúnas,SE
Benjamin Da Rosa,195.***.***-8,100.0,1924-07-29,Endereço inválido,xangri-lá,RJ
Ana Rezende,316.***.***-6,69.0,1955-10-15,Endereço inválido,eymard,PE
Dr. Thomas Dias,267.***.***-0,46.0,1979-01-13,Endereço inválido,vila petropolis,AP
Breno Ribeiro,803.***.***-7,39.0,1985-10-05,Endereço inválido,vila de sá,MG
Lucas Gabriel Novaes,856.***.***-1,43.0,1982-09-04,Endereço inválido,ipe,SC
Vicente Rodrigues,328.***.***-7,86.0,1938-12-18,Endereço inválido,vila aeroporto,RN
João Lucas Vieira,985.***.***-0,39.0,1985-10-18,Endereço inválido,conjunto santa maria,RN
Dr. Luiz Henrique Freitas,951.***.***-8,48.0,1976-11-07,Endereço inválido,manacas,SC
Dra. Luiza Da Conceição,189.***.***-3,97.0,1927-04-29,Endereço inválido,lagoa,PR
Benjamin Cavalcanti,317.***.***-4,27.0,1997-11-30,Endereço inválido,vila são dimas,MT
Murilo Mendes,653.***.***-1,78.0,1946-04-20,Endereço inválido,vila santo antônio,SE
Dr. Renan Rezende,609.***.***-3,66.0,1958-12-16,Endereço inválido,vila vista alegre,PR
Maysa Porto,081.***.***-8,69.0,1955-09-11,Endereço inválido,havaí,RO
Pedro Lucas Pereira,873.***.***-3,85.0,1940-01-09,Endereço inválido,paquetá,CE
Isadora Nogueira,480.***.***-0,51.0,1974-01-09,Endereço inválido,vila são dimas,RJ
Gabriel Ramos,591.***.***-0,77.0,1947-08-23,Endereço inválido,novo glória,TO
Yago Ferreira,531.***.***-0,88.0,1936-05-30,Endereço inválido,vila copacabana,RS
Samuel Da Mata,521.***.***-1,22.0,2002-11-30,Endereço inválido,grota,MG
Sophie Pinto,317.***.***-5,95.0,1929-07-19,Endereço inválido,suzana,SE
Dr. Rafael Souza,436.***.***-0,46.0,1979-02-03,Endereço inválido,santo agostinho,AM
Vitor Hugo Lima,450.***.***-8,86.0,1938-07-30,Endereço inválido,serra,PR
Dr. Bernardo Da Cruz,230.***.***-5,22.0,2003-03-03,Endereço inválido,vila suzana segunda seção,AM
Caio Da Cunha,926.***.***-0,94.0,1930-09-14,Endereço inválido,marieta 1ª seção,RO
Stephany Duarte,642.***.***-4,97.0,1927-03-22,Endereço inválido,são jorge 1ª seção,SE
Kevin Da Conceição,074.***.***-9,64.0,1960-04-18,Endereço inválido,novo das industrias,PE
Srta. Giovanna Aragão,142.***.***-1,77.0,1947-07-08,Endereço inválido,coração eucarístico,AL
Pedro Henrique Pinto,653.***.***-3,26.0,1998-09-20,Endereço inválido,centro,CE
Joaquim Da Cruz,532.***.***-4,31.0,1993-12-14,Endereço inválido,são salvador,AM
Leandro Souza,560.***.***-8,30.0,1994-10-09,Endereço inválido,trevo,PI
Beatriz Aragão,805.***.***-0,53.0,1971-07-29,Endereço inválido,funcionários,AL
Carlos Eduardo Teixeira,546.***.***-9,49.0,1975-07-26,Endereço inválido,vila batik,ES
Joana Da Rocha,915.***.***-3,46.0,1978-03-05,Endereço inválido,marçola,MG
Lucas Gabriel Da Luz,203.***.***-7,19.0,2005-12-13,"via de santos
delta
16982254 da rosa / df",delta,DF
Davi Lucas Da Costa,502.***.***-5,19.0,2005-11-29,Endereço inválido,cidade jardim taquaril,AL
Henrique Da Rocha,713.***.***-4,34.0,1990-09-08,Endereço inválido,inconfidência,AM
Lorena Fernandes,574.***.***-9,93.0,1931-05-23,Endereço inválido,vila paraíso,PR
Nathan Nogueira,837.***.***-5,44.0,1980-03-22,Endereço inválido,monsenhor messias,DF
Srta. Maysa Rezende,726.***.***-5,82.0,1942-09-08,Endereço inválido,zilah sposito,PI
Erick Santos,680.***.***-6,44.0,1980-06-22,Endereço inválido,pedreira padro lopes,TO
Agatha Sales,983.***.***-3,93.0,1932-09-01,Endereço inválido,itatiaia,SP
Ana Beatriz Moreira,637.***.***-6,64.0,1960-11-19,Endereço inválido,outro,AM
Antônio Da Rocha,943.***.***-2,26.0,1998-02-28,Endereço inválido,jardim leblon,AM
Dra. Vitória Viana,813.***.***-2,83.0,1941-03-23,Endereço inválido,vila madre gertrudes 2ª seção,RO
Enzo Monteiro,534.***.***-0,44.0,1980-06-25,Endereço inválido,chácara leonina,PR
Bernardo Santos,045.***.***-2,19.0,2005-09-09,Endereço inválido,zilah sposito,PR
Guilherme Cunha,237.***.***-0,25.0,1999-03-31,Endereço inválido,vila da paz,PI
Raul Rodrigues,193.***.***-3,48.0,1976-06-16,"praça souza
santa inês
51653-076 sales / sc",santa inês,SC
Pietra Lima,591.***.***-3,31.0,1993-03-28,Endereço inválido,são bento,MT
Camila Barbosa,560.***.***-5,38.0,1986-07-11,Endereço inválido,casa branca,PA
Kaique Almeida,078.***.***-0,69.0,1955-09-27,Endereço inválido,olhos d'água,MS
Antônio Porto,015.***.***-6,88.0,1936-06-19,Endereço inválido,barreiro,RR
Alana Rezende,216.***.***-6,71.0,1953-05-23,Endereço inválido,cachoeirinha,ES
Vitor Almeida,134.***.***-0,43.0,1981-08-06,Endereço inválido,vila santo antônio,RR
Isabelly Da Mota,709.***.***-4,76.0,1948-05-19,Endereço inválido,engenho nogueira,PA
Isis Oliveira,893.***.***-8,78.0,1946-09-28,Endereço inválido,barão homem de melo 2ª seção,AL
Carolina Gomes,845.***.***-2,32.0,1992-05-29,Endereço inválido,vila minaslandia,AL
Srta. Natália Rodrigues,548.***.***-8,77.0,1948-03-04,Endereço inválido,vera cruz,MS
Fernando Ramos,032.***.***-3,52.0,1973-01-05,Endereço inválido,vila barragem santa lúcia,PR
Gabriela Da Cruz,109.***.***-7,27.0,1997-06-11,Endereço inválido,vila mangueiras,CE
Noah Cavalcanti,273.***.***-6,83.0,1941-02-17,Endereço inválido,vera cruz,MT
Clara Moreira,079.***.***-0,50.0,1974-03-30,Endereço inválido,vila da paz,PB
Laura Araújo,134.***.***-2,54.0,1970-03-16,Endereço inválido,lagoinha,PI
Dr. Luiz Otávio Sales,472.***.***-6,78.0,1946-07-10,Endereço inválido,vila são paulo,MT
Emilly Da Mata,839.***.***-8,89.0,1935-10-11,Endereço inválido,vila trinta e um de março,ES
Kevin Rodrigues,086.***.***-5,54.0,1970-09-05,Endereço inválido,conjunto califórnia ii,PE
Davi Pereira,209.***.***-8,61.0,1963-09-23,Endereço inválido,apolonia,MG
Thomas Silva,891.***.***-8,20.0,2004-03-06,Endereço inválido,fernão dias,RN
Ana Lívia Da Cruz,135.***.***-8,86.0,1938-09-06,"praça correia, 3
canadá
10967-617 da rocha / rj",canadá,RJ
Sr. Vicente Silveira,318.***.***-5,60.0,1964-11-06,Endereço inválido,vila copacabana,PA
Sophie Caldeira,403.***.***-1,37.0,1988-01-28,Endereço inválido,vila santo antônio,PA
Gabriel Costa,930.***.***-3,60.0,1964-04-07,"núcleo carvalho, 87
piraja
27363-406 aragão / pi",piraja,PI
Ana Carolina Costa,680.***.***-8,51.0,1973-12-15,Endereço inválido,saudade,RO
Maitê Fogaça,543.***.***-5,27.0,1997-10-29,Endereço inválido,ermelinda,RN
Bruna Caldeira,259.***.***-0,68.0,1956-05-14,Endereço inválido,senhor dos passos,AC
Caroline Moura,593.***.***-2,31.0,1993-04-27,"chácara da luz, 27
bonfim
19292291 freitas / sp",bonfim,SP
Sra. Ana Júlia Pires,561.***.***-0,47.0,1977-06-19,"núcleo cardoso
barreiro
53334004 da mata / to",barreiro,TO
Dra. Larissa Fernandes,503.***.***-5,43.0,1981-02-21,Endereço inválido,vila santa rosa,GO
Rodrigo Da Luz,416.***.***-6,33.0,1992-02-03,Endereço inválido,são gabriel,PB
Carlos Eduardo Barros,730.***.***-7,32.0,1992-05-25,Endereço inválido,santa cecilia,GO
Ana Laura Silva,047.***.***-6,52.0,1972-06-20,"vale pinto, 70
esplanada
62764-552 azevedo / pi",esplanada,PI
Maitê Nogueira,517.***.***-0,67.0,1958-10-01,Endereço inválido,parque são josé,SP
Ana Laura Da Luz,681.***.***-9,81.0,1943-09-26,Endereço inválido,caiçara - adelaide,TO
Sra. Brenda Viana,154.***.***-0,76.0,1948-10-12,Endereço inválido,vila rica,ES
Augusto Teixeira,360.***.***-4,94.0,1930-05-17,Endereço inválido,bairro das indústrias ii,AM
Dr. Francisco Lima,318.***.***-7,66.0,1959-02-01,Endereço inválido,distrito industrial do jatoba,AP
Isaac Da Luz,293.***.***-8,75.0,1949-09-12,Endereço inválido,são benedito,RO
Calebe Jesus,068.***.***-0,46.0,1978-02-15,Endereço inválido,concórdia,SC
Kevin Melo,786.***.***-2,58.0,1966-11-05,Endereço inválido,trevo,BA
Pedro Miguel Peixoto,079.***.***-6,49.0,1975-03-26,Endereço inválido,vila rica,DF
Gabrielly Almeida,498.***.***-0,30.0,1994-06-21,Endereço inválido,são bernardo,PB
Murilo Correia,197.***.***-9,34.0,1990-11-29,Endereço inválido,zilah sposito,SP
Matheus Dias,156.***.***-5,83.0,1942-12-02,Endereço inválido,Desconhecido,Desconhecido
Stella Cardoso,798.***.***-3,56.0,1968-08-14,Endereço inválido,novo tupi,GO
Marcela Barbosa,509.***.***-6,62.0,1963-03-04,Endereço inválido,vila antena montanhês,MS
Ana Carolina Pires,612.***.***-0,88.0,1936-04-16,Endereço inválido,pousada santo antonio,RS
Helena Aragão,791.***.***-2,84.0,1940-02-19,Endereço inválido,esperança,AP
João Gabriel Oliveira,496.***.***-0,97.0,1927-11-21,Endereço inválido,minas brasil,MA
Maria Cecília Vieira,491.***.***-6,88.0,1936-05-14,Endereço inválido,petropolis,TO
Lorena Rodrigues,461.***.***-9,46.0,1978-12-27,Endereço inválido,vila nova gameleira 3ª seção,PE
Nicolas Cunha,873.***.***-5,71.0,1954-09-01,Endereço inválido,conjunto jardim filadélfia,GO
Vitor Hugo Ramos,485.***.***-0,30.0,1994-08-07,"travessa melo, 5
biquinhas
66489954 farias / es",biquinhas,ES
Luigi Aragão,704.***.***-7,40.0,1984-02-28,Endereço inválido,campo alegre,DF
Maria Julia Barros,123.***.***-7,50.0,1974-06-14,Endereço inválido,solimoes,PE
Luiz Gustavo Silveira,178.***.***-0,93.0,1931-02-16,Endereço inválido,colégio batista,PR
Ana Júlia Fernandes,795.***.***-7,97.0,1927-05-16,Endereço inválido,coração de jesus,SE
Luiz Miguel Novaes,754.***.***-2,27.0,1998-01-24,Endereço inválido,coqueiros,MG
Gabriel Santos,142.***.***-3,21.0,2003-03-24,Endereço inválido,vila fumec,PE
Srta. Sophie Vieira,624.***.***-1,72.0,1952-04-06,Endereço inválido,conjunto novo dom bosco,PI
Júlia Cardoso,482.***.***-0,89.0,1935-07-24,Endereço inválido,vila calafate,RS
Dra. Gabriela Jesus,846.***.***-4,50.0,1975-03-04,Endereço inválido,jardim do vale,ES
Dr. João Gabriel Correia,038.***.***-0,49.0,1975-05-27,Endereço inválido,maria helena,TO
Luiz Gustavo Jesus,625.***.***-0,99.0,1925-04-09,Endereço inválido,vila dos anjos,PI
Rodrigo Ferreira,527.***.***-4,55.0,1969-02-27,"estação moraes, 13
carmo
16880467 sales / mg",carmo,MG
Alícia Ribeiro,514.***.***-9,92.0,1932-04-28,Endereço inválido,mariano de abreu,MG
Sr. André Da Mata,169.***.***-1,67.0,1957-12-07,Endereço inválido,conjunto providencia,SE
Srta. Maria Julia Campos,245.***.***-5,64.0,1960-02-06,Endereço inválido,vila de sá,SP
João Gabriel Ferreira,018.***.***-0,95.0,1929-07-20,Endereço inválido,vila primeiro de maio,AP
Thomas Moraes,291.***.***-0,60.0,1964-02-09,Endereço inválido,vila cloris,GO
Clara Melo,860.***.***-5,62.0,1962-02-15,Endereço inválido,pedreira padro lopes,MS
Luigi Cavalcanti,078.***.***-5,34.0,1990-07-07,Endereço inválido,vila tirol,RN
Dra. Stella Da Costa,340.***.***-5,54.0,1970-10-31,Endereço inválido,santa monica,RO
Isabella Da Paz,289.***.***-6,81.0,1943-12-31,Endereço inválido,monsenhor messias,AL
Enzo Da Rocha,874.***.***-1,44.0,1980-12-28,Endereço inválido,pindorama,GO
Olivia Fernandes,016.***.***-4,51.0,1973-12-09,Endereço inválido,dom joaquim,AP
André Da Mata,648.***.***-0,38.0,1986-11-05,Endereço inválido,vila independencia 3ª seção,MA
Pedro Henrique Cavalcanti,938.***.***-8,78.0,1946-02-09,Endereço inválido,sport club,SP
Joaquim Silveira,671.***.***-1,21.0,2003-07-18,Endereço inválido,santo antônio,AC
Mirella Rodrigues,216.***.***-9,47.0,1977-12-11,Endereço inválido,vila das oliveiras,RJ
Sra. Isabelly Azevedo,087.***.***-7,75.0,1949-11-23,Endereço inválido,vila paris,AC
Dr. Samuel Ferreira,720.***.***-8,36.0,1989-02-02,Endereço inválido,madri,ES
Otávio Carvalho,643.***.***-9,88.0,1936-07-09,Endereço inválido,cidade jardim taquaril,SE
Dra. Stephany Da Mota,154.***.***-5,25.0,1999-03-16,"colônia monteiro, 49
europa
08852-447 souza / mt",europa,MT
Cauê Mendes,152.***.***-4,31.0,1993-12-15,Endereço inválido,marçola,BA
Alexandre Nunes,496.***.***-3,53.0,1972-07-03,Endereço inválido,álvaro camargos,MG
Maria Fernanda Aragão,372.***.***-5,68.0,1956-05-24,Endereço inválido,confisco,RS
João Guilherme Silva,820.***.***-3,73.0,1951-03-20,Endereço inválido,conjunto bonsucesso,DF
Lorena Rezende,753.***.***-9,73.0,1951-03-25,Endereço inválido,pantanal,MG
Maria Sophia Da Cruz,690.***.***-3,69.0,1955-05-27,Endereço inválido,alto barroca,MG
Milena Das Neves,685.***.***-8,95.0,1930-09-02,Endereço inválido,santana do cafezal,PB
Kamilly Da Cunha,520.***.***-8,67.0,1957-06-21,Endereço inválido,aeroporto,RO
Luiz Miguel Aragão,937.***.***-1,54.0,1970-03-11,Endereço inválido,indaiá,AM
Ana Laura Ribeiro,754.***.***-4,38.0,1986-11-14,Endereço inválido,são jorge 3ª seção,RJ
Lorena Da Mota,162.***.***-9,57.0,1967-05-22,Endereço inválido,lindéia,MA
Emanuella Souza,617.***.***-0,79.0,1945-12-06,Endereço inválido,lagoa,PI
Cecília Pinto,498.***.***-3,25.0,1999-04-16,Endereço inválido,conjunto são francisco de assis,MG
Pedro Henrique Cunha,584.***.***-0,46.0,1978-12-27,Endereço inválido,pongelupe,CE
Sra. Eloah Da Mota,901.***.***-0,33.0,1991-05-31,Endereço inválido,primeiro de maio,SP
Samuel Da Rocha,159.***.***-9,23.0,2002-05-03,Endereço inválido,vila piratininga venda nova,TO
Melissa Almeida,705.***.***-9,65.0,1959-08-13,Endereço inválido,são salvador,PE
Carlos Eduardo Da Mota,894.***.***-2,99.0,1925-08-08,Endereço inválido,concórdia,RN
Dr. Vitor Da Mota,789.***.***-2,49.0,1975-05-17,Endereço inválido,minaslandia,PE
Dr. Diogo Costela,962.***.***-7,37.0,1987-09-28,Endereço inválido,são pedro,PE
Rafaela Rodrigues,578.***.***-6,81.0,1943-12-10,Endereço inválido,lagoinha,AC
Vitor Hugo Da Conceição,716.***.***-5,26.0,1998-04-30,Endereço inválido,jardim vitoria,RR
Ana Laura Caldeira,518.***.***-7,52.0,1972-10-28,Endereço inválido,lourdes,PE
Dra. Laura Silveira,472.***.***-4,96.0,1928-12-23,Endereço inválido,varzea da palma,AM
Sr. Rafael Pereira,492.***.***-7,87.0,1937-06-21,Endereço inválido,santo antônio,PE
Manuela Mendes,518.***.***-6,32.0,1992-02-25,Endereço inválido,vila da ária,MG
Igor Lopes,073.***.***-2,30.0,1994-11-19,Endereço inválido,vila cloris,CE
Marcelo Moreira,346.***.***-8,50.0,1974-10-05,Endereço inválido,mariano de abreu,ES
Thomas Costela,428.***.***-2,94.0,1930-03-08,Endereço inválido,pousada santo antonio,RS
Luiz Otávio Gonçalves,637.***.***-9,64.0,1960-10-10,Endereço inválido,bela vitoria,MG
Stella Da Costa,063.***.***-0,55.0,1969-12-25,Endereço inválido,corumbiara,RR
Luana Da Cruz,083.***.***-8,30.0,1994-10-12,"distrito rocha
luxemburgo
87202478 araújo / ce",luxemburgo,CE
Maria Cecília Lima,132.***.***-8,29.0,1996-12-02,Endereço inválido,olhos d'água,ES
Melissa Teixeira,642.***.***-7,72.0,1953-11-03,Endereço inválido,laranjeiras,RS
Dr. Vinicius Pires,163.***.***-1,38.0,1986-02-05,Endereço inválido,alto dos pinheiros,MS
Luiz Miguel Farias,962.***.***-0,89.0,1936-11-03,Endereço inválido,conjunto minas caixa,RN
Breno Correia,148.***.***-6,41.0,1983-05-07,Endereço inválido,garças,GO
Laís Costela,306.***.***-5,59.0,1966-01-18,Endereço inválido,boa viagem,RS
Dr. Diego Da Mata,293.***.***-4,21.0,2003-08-22,Endereço inválido,alto caiçaras,MG
Letícia Da Mota,852.***.***-0,31.0,1993-05-24,Endereço inválido,conjunto jatoba,DF
Luna Ferreira,843.***.***-1,55.0,1970-01-25,Endereço inválido,mantiqueira,RS
Dr. Emanuel Silveira,430.***.***-8,30.0,1994-04-23,Endereço inválido,pantanal,PI
Lorena Sales,263.***.***-1,45.0,1979-12-26,"fazenda caldeira
satelite
32090552 freitas / am",satelite,AM
Davi Da Mata,846.***.***-3,55.0,1969-02-19,"vila alves
jardim atlântico
71862-679 costa / df",jardim atlântico,DF
Isabel Melo,748.***.***-0,76.0,1948-12-28,Endereço inválido,itaipu,PB
Raul Oliveira,298.***.***-6,94.0,1931-01-03,Endereço inválido,nossa senhora do rosário,PA
Levi Da Mata,192.***.***-3,62.0,1962-10-21,Endereço inválido,cônego pinheiro 2ª seção,CE
Heloísa Castro,587.***.***-4,63.0,1961-05-15,"sítio de cardoso, 88
acaiaca
38458223 dias / rs",acaiaca,RS
Sra. Júlia Da Paz,046.***.***-7,38.0,1986-08-19,Endereço inválido,vila nova paraíso,CE
Luana Viana,213.***.***-2,27.0,1998-04-01,Endereço inválido,ernesto nascimento,SE
Sr. Renan Sales,364.***.***-8,23.0,2001-04-17,Endereço inválido,novo das industrias,AC
Caio Aragão,714.***.***-6,23.0,2001-11-19,Endereço inválido,boa esperança,RN
Srta. Lavínia Ribeiro,263.***.***-5,76.0,1948-11-19,Endereço inválido,beija flor,RJ
Sofia Da Mata,806.***.***-8,22.0,2002-05-16,Endereço inválido,planalto,AM
André Araújo,819.***.***-1,44.0,1980-04-26,Endereço inválido,vila paquetá,CE
Nathan Azevedo,285.***.***-8,85.0,1939-02-12,Endereço inválido,caiçara - adelaide,AM
Camila Teixeira,982.***.***-4,47.0,1977-08-13,Endereço inválido,jardim montanhês,RJ
Srta. Clara Souza,510.***.***-7,26.0,1998-08-20,Endereço inválido,flavio de oliveira,SE
Yuri Nascimento,129.***.***-7,58.0,1966-09-28,Endereço inválido,serrano,AC
Srta. Marcela Gonçalves,148.***.***-8,85.0,1940-11-03,Endereço inválido,conjunto providencia,CE
João Ramos,936.***.***-8,51.0,1973-08-28,Endereço inválido,vila ouro minas,PR
Renan Rocha,720.***.***-9,43.0,1981-10-08,Endereço inválido,nova suíça,RS
Sr. Caio Souza,453.***.***-3,52.0,1973-07-02,Endereço inválido,serra do curral,MG
Clarice Farias,743.***.***-2,56.0,1968-12-22,Endereço inválido,maravilha,PI
Marcos Vinicius Jesus,597.***.***-0,73.0,1951-10-12,Endereço inválido,nova america,PA
João Pedro Nunes,910.***.***-4,35.0,1989-09-16,Endereço inválido,vila nova gameleira 3ª seção,PA
Levi Farias,659.***.***-5,47.0,1978-12-03,Endereço inválido,vila pinho,GO
Dr. Enzo Da Costa,791.***.***-7,41.0,1983-05-07,Endereço inválido,álvaro camargos,AM
Heloísa Alves,029.***.***-7,87.0,1937-10-06,Endereço inválido,buraco quente,PR
Luiz Henrique Da Mota,842.***.***-9,20.0,2004-02-17,Endereço inválido,saudade,RR
Camila Caldeira,903.***.***-0,55.0,1969-04-23,Endereço inválido,frei leopoldo,MA
Arthur Mendes,918.***.***-0,51.0,1973-12-23,Endereço inválido,jardim américa,SP
João Felipe Campos,362.***.***-0,54.0,1970-03-28,Endereço inválido,jardim leblon,MS
Guilherme Azevedo,174.***.***-1,62.0,1962-07-24,Endereço inválido,pompéia,CE
Dra. Laura Cunha,364.***.***-5,47.0,1977-12-22,Endereço inválido,maria helena,BA
Noah Moraes,108.***.***-1,56.0,1969-04-03,Endereço inválido,joão pinheiro,MG
Davi Lucca Lopes,260.***.***-9,34.0,1990-11-27,Endereço inválido,alto dos pinheiros,AP
Sophia Da Cruz,621.***.***-1,40.0,1984-07-30,Endereço inválido,flavio de oliveira,PR
Igor Da Luz,740.***.***-8,47.0,1977-12-16,Endereço inválido,vila oeste,AC
Dr. Samuel Nascimento,692.***.***-7,87.0,1937-07-30,Endereço inválido,brasil industrial,RO
Maria Fernanda Freitas,968.***.***-2,67.0,1957-08-10,Endereço inválido,conjunto são francisco de assis,DF
Eduarda Costa,206.***.***-6,29.0,1995-10-31,Endereço inválido,mirtes,RS
Lorenzo Monteiro,069.***.***-2,44.0,1980-07-16,Endereço inválido,minas caixa,AP
Caroline Cardoso,618.***.***-1,52.0,1972-09-08,Endereço inválido,vera cruz,DF
Henrique Da Rocha,329.***.***-9,22.0,2003-01-09,Endereço inválido,juliana,SE
Lucas Gabriel Oliveira,743.***.***-3,53.0,1972-08-04,Endereço inválido,são cristóvão,SE
Sr. Arthur Jesus,418.***.***-9,97.0,1927-05-27,Endereço inválido,santa cecilia,MG
Marcos Vinicius Da Cunha,572.***.***-4,49.0,1976-01-16,Endereço inválido,inconfidência,PA
Antônio Nogueira,061.***.***-7,20.0,2004-08-11,Endereço inválido,ouro minas,MT
Sophia Monteiro,601.***.***-1,91.0,1933-10-22,"núcleo araújo, 155
lindéia
82317-263 campos / pa",lindéia,PA
Dr. Leandro Silva,497.***.***-8,57.0,1967-12-07,Endereço inválido,serra,AM
Amanda Farias,185.***.***-0,100.0,1924-07-31,Endereço inválido,conjunto jatoba,RJ
Srta. Luna Peixoto,912.***.***-2,54.0,1970-12-14,Endereço inválido,havaí,CE
Sr. Igor Campos,183.***.***-6,55.0,1969-08-17,Endereço inválido,lagoa,AP
Maria Sophia Correia,948.***.***-7,100.0,1925-10-03,Endereço inválido,vitoria,TO
Bruno Da Cruz,293.***.***-7,24.0,2001-06-02,Endereço inválido,alta tensão 1ª seção,ES
Amanda Cavalcanti,351.***.***-0,56.0,1968-12-13,Endereço inválido,são sebastião,AC
Bruno Melo,721.***.***-5,59.0,1965-06-26,Endereço inválido,esplanada,AC
Dra. Elisa Nunes,875.***.***-0,36.0,1989-01-12,Endereço inválido,vila nova cachoeirinha 2ª seção,AP
Calebe Ramos,942.***.***-4,60.0,1964-05-05,Endereço inválido,gutierrez,TO
Sr. Arthur Moraes,306.***.***-8,82.0,1943-10-01,Endereço inválido,jatobá,RJ
Júlia Silveira,913.***.***-5,74.0,1950-11-18,Endereço inválido,são joão batista,SC
Sra. Isabelly Silva,732.***.***-0,35.0,1989-08-28,Endereço inválido,vila são gabriel,DF
Dr. Otávio Azevedo,457.***.***-3,80.0,1944-11-09,Endereço inválido,santa helena,CE
Maria Cecília Aragão,264.***.***-4,100.0,1925-01-09,Endereço inválido,salgado filho,GO
Noah Da Rosa,742.***.***-2,60.0,1965-05-02,Endereço inválido,antonio ribeiro de abreu 1ª seção,DF
Sra. Laura Azevedo,540.***.***-7,38.0,1986-06-16,Endereço inválido,universo,SP
Dr. Francisco Moreira,702.***.***-0,25.0,1999-08-25,Endereço inválido,jaraguá,CE
Mariane Das Neves,912.***.***-0,45.0,1979-10-27,Endereço inválido,parque são josé,SC
Enzo Monteiro,309.***.***-5,34.0,1990-09-15,Endereço inválido,joão paulo ii,MG
Diego Da Rocha,093.***.***-8,37.0,1988-01-24,Endereço inválido,pindura saia,MS
Ana Laura Da Cruz,798.***.***-4,87.0,1937-04-28,Endereço inválido,vila da amizade,RO
Ana Sophia Gomes,384.***.***-4,45.0,1979-07-27,"lagoa porto, 44
unidas
73111211 alves / go",unidas,GO
Ana Laura Costa,502.***.***-8,53.0,1971-08-17,Endereço inválido,bela vitoria,SP
Felipe Souza,187.***.***-8,56.0,1968-09-30,Endereço inválido,palmeiras,SE
Luana Novaes,287.***.***-8,79.0,1945-12-05,Endereço inválido,santa margarida,RS
Sra. Yasmin Nogueira,360.***.***-1,49.0,1975-10-29,Endereço inválido,belmonte,PE
Benício Melo,904.***.***-6,22.0,2002-12-07,Endereço inválido,vila suzana primeira seção,DF
Daniela Aragão,726.***.***-5,59.0,1965-07-06,Endereço inválido,piraja,RR
Davi Luiz Sales,740.***.***-1,45.0,1979-07-24,Endereço inválido,nova pampulha,RS
Milena Souza,904.***.***-7,86.0,1938-10-08,Endereço inválido,santa inês,SP
Maria Eduarda Ferreira,438.***.***-6,75.0,1949-09-28,Endereço inválido,vila sesc,AP
Sr. Diogo Lima,302.***.***-0,30.0,1994-12-06,Endereço inválido,conjunto califórnia ii,BA
Dr. Carlos Eduardo Araújo,496.***.***-4,40.0,1984-11-09,Endereço inválido,vila independencia 2ª seção,RR
Marina Gomes,934.***.***-0,99.0,1925-12-25,"lagoa souza
copacabana
16768543 monteiro / es",copacabana,ES
Gustavo Henrique Duarte,254.***.***-6,24.0,2000-05-29,Endereço inválido,minas caixa,TO
Caio Ramos,832.***.***-7,28.0,1996-11-06,Endereço inválido,buraco quente,AL
Rafael Nunes,462.***.***-1,89.0,1935-04-10,Endereço inválido,são bernardo,TO
Enzo Gabriel Cardoso,726.***.***-6,38.0,1987-01-26,Endereço inválido,vila nova cachoeirinha 1ª seção,PE
Davi Cardoso,065.***.***-9,19.0,2005-07-25,Endereço inválido,vila coqueiral,PA
Daniel Pires,274.***.***-4,40.0,1984-06-13,Endereço inválido,diamante,ES
Brenda Da Mata,532.***.***-1,44.0,1980-02-29,"pátio rocha, 75
havaí
43098627 da cunha / ac",havaí,AC
Samuel Dias,852.***.***-2,39.0,1985-11-17,Endereço inválido,vila real 2ª seção,CE
Gustavo Henrique Da Costa,917.***.***-5,19.0,2005-03-08,Endereço inválido,flamengo,RO
Theo Fogaça,091.***.***-0,49.0,1975-06-26,Endereço inválido,alta tensão 1ª seção,MT
Sra. Alexia Carvalho,483.***.***-7,24.0,2000-03-31,Endereço inválido,vila olhos d'água,AC
Juliana Martins,432.***.***-5,86.0,1939-06-04,Endereço inválido,vila jardim são josé,RR
Luiz Gustavo Da Rosa,280.***.***-9,86.0,1938-06-09,Endereço inválido,dona clara,AL
Gabriela Freitas,367.***.***-2,30.0,1994-03-10,Endereço inválido,grajaú,BA
Enzo Gabriel Vieira,812.***.***-7,23.0,2002-01-28,"travessa novaes
boa vista
29032951 aragão / to",boa vista,TO
Srta. Luna Nascimento,815.***.***-6,70.0,1954-06-13,Endereço inválido,joão paulo ii,AL
Sophie Da Mata,971.***.***-9,71.0,1953-04-10,Endereço inválido,vila atila de paiva,AL
Clarice Alves,973.***.***-6,24.0,2001-12-02,Endereço inválido,cabana do pai tomás,AC
Catarina Rodrigues,138.***.***-8,85.0,1939-11-26,Endereço inválido,lourdes,RR
Antônio Vieira,017.***.***-5,90.0,1934-10-25,Endereço inválido,lagoinha leblon,PR
Dr. Nicolas Da Conceição,105.***.***-8,27.0,1998-06-04,Endereço inválido,grajaú,BA
Maria Alice Da Costa,290.***.***-9,88.0,1936-02-17,Endereço inválido,olhos d'água,MA
Sr. Lucca Martins,906.***.***-7,57.0,1967-08-30,Endereço inválido,belvedere,TO
João Pedro Costa,532.***.***-4,69.0,1955-09-12,Endereço inválido,conjunto minas caixa,RN
Maitê Gonçalves,034.***.***-2,98.0,1926-09-20,Endereço inválido,marieta 3ª seção,PR
Ana Laura Ferreira,326.***.***-7,73.0,1952-01-29,Endereço inválido,garças,RO
Sabrina Da Mata,172.***.***-0,31.0,1994-01-31,Endereço inválido,vila maria,MS
Alexandre Das Neves,183.***.***-2,94.0,1930-07-19,Endereço inválido,itapoa,ES
Isadora Da Cunha,471.***.***-3,55.0,1969-08-31,Endereço inválido,jardim atlântico,PE
Dr. Luigi Fernandes,834.***.***-5,73.0,1951-07-16,Endereço inválido,bairro das indústrias ii,MT
Sr. Yago Cavalcanti,758.***.***-0,94.0,1931-03-01,Endereço inválido,vila independencia 3ª seção,AM
Carolina Peixoto,396.***.***-9,64.0,1960-06-26,Endereço inválido,camponesa 1ª seção,RN
Ana Lívia Porto,067.***.***-4,75.0,1949-09-26,Endereço inválido,milionario,SE
Henrique Da Mata,896.***.***-7,34.0,1990-12-25,Endereço inválido,conjunto são francisco de assis,PR
Enrico Aragão,490.***.***-7,94.0,1930-06-30,Endereço inválido,vila novo são lucas,AP
Milena Cavalcanti,523.***.***-7,26.0,1998-09-15,Endereço inválido,são geraldo,PR
Davi Lucca Melo,731.***.***-1,96.0,1928-02-22,Endereço inválido,cardoso,SP
Clarice Fernandes,192.***.***-7,88.0,1936-12-27,Endereço inválido,esplanada,SP
Dr. Luiz Fernando Das Neves,146.***.***-3,58.0,1966-02-21,Endereço inválido,vila antena,RO
Caio Azevedo,428.***.***-8,74.0,1951-03-04,Endereço inválido,vila nova gameleira 2ª seção,AL
Enrico Novaes,457.***.***-3,74.0,1950-11-08,Endereço inválido,conjunto são francisco de assis,RN
Ana Clara Moreira,075.***.***-5,88.0,1936-12-15,Endereço inválido,andiroba,SC
Enrico Ribeiro,965.***.***-6,26.0,1998-02-24,Endereço inválido,vila satélite,CE
Evelyn Aragão,548.***.***-0,86.0,1938-04-19,Endereço inválido,marçola,GO
Thales Moreira,406.***.***-0,64.0,1960-07-31,Endereço inválido,jardim guanabara,RO
Heitor Mendes,097.***.***-6,57.0,1968-01-13,Endereço inválido,alta tensão 2ª seção,AL
Sarah Nascimento,938.***.***-1,41.0,1983-05-14,Endereço inválido,vila jardim alvorada,CE
Sra. Yasmin Melo,510.***.***-4,19.0,2005-07-22,Endereço inválido,conjunto santa maria,TO
Sr. Marcelo Costela,895.***.***-3,24.0,2000-08-16,Endereço inválido,cardoso,BA
Maria Cecília Araújo,752.***.***-5,76.0,1948-03-20,Endereço inválido,universitário,PA
Enzo Gabriel Ribeiro,965.***.***-0,64.0,1960-06-20,Endereço inválido,vila união,AP
Miguel Da Rosa,168.***.***-0,44.0,1980-04-24,Endereço inválido,paulo vi,CE
Maria Vitória Ferreira,914.***.***-6,24.0,2000-11-09,"lago lima, 6
providencia
64509-958 porto / sp",providencia,SP
Sr. Vitor Gabriel Gomes,348.***.***-6,49.0,1975-11-29,Endereço inválido,jonas veiga,MT
Bianca Pinto,541.***.***-0,81.0,1943-05-29,Endereço inválido,vila santa monica 2ª seção,AL
Igor Melo,519.***.***-3,97.0,1927-03-31,Endereço inválido,grota,RO
Sra. Vitória Carvalho,528.***.***-3,35.0,1989-02-20,Endereço inválido,cdi jatoba,AM
Sofia Duarte,412.***.***-2,19.0,2005-07-09,Endereço inválido,vila nova cachoeirinha 2ª seção,RR
Brenda Nogueira,160.***.***-3,57.0,1967-07-23,Endereço inválido,mala e cuia,TO
Rafael Fogaça,569.***.***-6,94.0,1931-03-04,Endereço inválido,nova vista,SP
Ana Nascimento,295.***.***-6,73.0,1951-11-22,Endereço inválido,nossa senhora do rosário,RN
Dr. Juan Da Rocha,475.***.***-8,76.0,1949-10-02,Endereço inválido,vila jardim leblon,MT
Ana Laura Rocha,531.***.***-7,33.0,1992-01-11,Endereço inválido,são damião,AL
Maria Alice Da Rocha,906.***.***-2,91.0,1933-12-22,Endereço inválido,guarani,AC
Elisa Lopes,790.***.***-3,,1924-07-02,Endereço inválido,vila coqueiral,RR
Davi Lucca Pereira,597.***.***-6,71.0,1954-01-28,Endereço inválido,vila califórnia,CE
Marina Fogaça,410.***.***-2,62.0,1962-04-07,Endereço inválido,guaratã,PE
Bernardo Ramos,105.***.***-9,82.0,1943-09-03,Endereço inválido,piratininga,SE
Ana Lívia Lopes,971.***.***-0,64.0,1960-11-10,Endereço inválido,anchieta,GO
Miguel Silva,920.***.***-0,40.0,1984-02-28,Endereço inválido,nova floresta,PE
Sr. Arthur Da Cruz,693.***.***-3,84.0,1940-06-24,Endereço inválido,vila betânia,TO
Julia Da Mota,571.***.***-2,76.0,1948-09-30,Endereço inválido,santo antônio,TO
Agatha Rocha,853.***.***-3,54.0,1971-11-01,Endereço inválido,são benedito,RS
Isabel Cardoso,608.***.***-4,96.0,1928-08-11,Endereço inválido,morro dos macacos,MG
Marcos Vinicius Moura,451.***.***-1,65.0,1959-11-29,"parque dias, 687
paulo vi
49685-024 mendes / pr",paulo vi,PR
Levi Da Cunha,718.***.***-7,99.0,1925-04-28,Endereço inválido,pongelupe,SE
Cauã Vieira,427.***.***-6,77.0,1947-07-29,"via da mata
bernadete
38006-140 campos / ro",bernadete,RO
Maria Alice Ferreira,105.***.***-8,39.0,1986-05-01,Endereço inválido,guarani,MT
Dra. Isabelly Souza,725.***.***-3,34.0,1990-05-23,Endereço inválido,primeiro de maio,RN
Heitor Rezende,174.***.***-3,73.0,1951-09-28,Endereço inválido,conjunto lagoa,RR
Maria Vitória Jesus,493.***.***-7,47.0,1977-02-16,Endereço inválido,paraíso,RS
Emanuel Duarte,762.***.***-7,21.0,2003-02-23,Endereço inválido,ouro preto,AM
Ian Lima,163.***.***-6,87.0,1937-07-05,"rua de martins, 9
união
15652-188 castro / ac",união,AC
Vitor Alves,687.***.***-2,28.0,1996-06-13,Endereço inválido,ribeiro de abreu,DF
Rafael Ramos,946.***.***-8,70.0,1954-05-17,Endereço inválido,vila fumec,PR
Ryan Da Cunha,412.***.***-5,88.0,1937-11-04,Endereço inválido,camponesa 2ª seção,GO
Maria Da Cunha,539.***.***-0,78.0,1946-10-07,Endereço inválido,vila união,PE
Srta. Milena Cardoso,832.***.***-4,66.0,1958-03-07,Endereço inválido,capitão eduardo,RJ
Bryan Ramos,043.***.***-8,31.0,1993-10-30,Endereço inválido,jardim leblon,GO
Luigi Santos,273.***.***-5,38.0,1987-01-04,Endereço inválido,são gabriel,AP
Isabella Duarte,023.***.***-1,44.0,1980-09-28,Endereço inválido,vila nova cachoeirinha 3ª seção,PI
Sophie Azevedo,214.***.***-4,98.0,1926-08-11,Endereço inválido,universo,RR
Matheus Carvalho,592.***.***-0,61.0,1963-08-31,"viela de almeida
união
65843844 barbosa / rn",união,RN
Júlia Da Cruz,714.***.***-3,94.0,1930-02-12,Endereço inválido,das industrias i,PB
Vitor Peixoto,489.***.***-0,77.0,1947-07-24,Endereço inválido,vale do jatoba,RS
Amanda Castro,305.***.***-4,44.0,1980-04-05,Endereço inválido,vila copacabana,AM
Lucas Lima,240.***.***-0,92.0,1932-06-16,Endereço inválido,maravilha,BA
Raquel Ramos,052.***.***-2,67.0,1957-10-16,Endereço inválido,madre gertrudes,RN
Dra. Rebeca Nascimento,431.***.***-3,83.0,1941-04-07,Endereço inválido,vila oeste,PB
Theo Da Conceição,846.***.***-4,29.0,1995-03-22,Endereço inválido,vila são paulo,SE
Thiago Da Cunha,631.***.***-2,91.0,1933-06-08,Endereço inválido,união,RJ
Davi Lucas Moreira,169.***.***-0,60.0,1964-12-30,Endereço inválido,vila do pombal,PA
Helena Costela,950.***.***-6,29.0,1996-02-01,Endereço inválido,vila aeroporto jaraguá,AC
Beatriz Peixoto,243.***.***-9,81.0,1943-04-11,Endereço inválido,alto caiçaras,PE
Luigi Fernandes,846.***.***-2,49.0,1976-02-02,Endereço inválido,pilar,PB
Gabrielly Almeida,831.***.***-1,67.0,1958-01-11,Endereço inválido,indaiá,MS
Samuel Sales,439.***.***-5,76.0,1948-08-19,Endereço inválido,vila da luz,MG
Dr. Otávio Costa,095.***.***-5,37.0,1987-08-09,Endereço inválido,juliana,BA
Srta. Ana Beatriz Da Mata,429.***.***-6,92.0,1933-01-28,Endereço inválido,vitoria da conquista,PA
João Rodrigues,594.***.***-7,25.0,1999-02-19,Endereço inválido,marmiteiros,PE
Nathan Farias,521.***.***-3,40.0,1985-01-12,Endereço inválido,lajedo,AL
Dr. Rafael Pereira,581.***.***-5,57.0,1967-07-15,Endereço inválido,distrito industrial do jatoba,AC
Júlia Pereira,871.***.***-1,29.0,1995-02-08,"lagoa santos
petropolis
36901-640 da cunha / mt",petropolis,MT
Dra. Laura Barbosa,031.***.***-0,68.0,1956-12-23,Endereço inválido,nova suíça,RR
Juliana Pinto,385.***.***-9,71.0,1953-12-18,Endereço inválido,vila canto do sabiá,PI
Joana Monteiro,138.***.***-3,56.0,1968-09-29,Endereço inválido,aguas claras,TO
Dr. Yago Da Rocha,698.***.***-2,76.0,1948-06-15,Endereço inválido,alto barroca,MT
Miguel Nogueira,869.***.***-2,57.0,1967-07-12,Endereço inválido,cenaculo,PI
Isadora Da Rocha,725.***.***-7,95.0,1929-02-20,Endereço inválido,laranjeiras,ES
Clara Costela,380.***.***-5,82.0,1942-07-13,Endereço inválido,sagrada família,DF
Dr. Enzo Gabriel Rocha,473.***.***-6,63.0,1962-04-03,Endereço inválido,unidas,PA
Maysa Monteiro,615.***.***-4,95.0,1929-10-27,Endereço inválido,grotinha,RR
Maria Alice Da Rosa,710.***.***-6,30.0,1994-05-09,Endereço inválido,bom jesus,RR
Maysa Lopes,196.***.***-7,61.0,1963-05-30,Endereço inválido,esplanada,RS
Srta. Yasmin Jesus,586.***.***-4,92.0,1932-05-28,Endereço inválido,petropolis,AM
Mariana Costela,372.***.***-0,39.0,1985-11-09,Endereço inválido,independência,SC
Clara Almeida,842.***.***-9,36.0,1988-11-23,Endereço inválido,são geraldo,RS
Sofia Aragão,687.***.***-0,36.0,1988-08-13,Endereço inválido,ambrosina,RS
Elisa Barros,546.***.***-2,28.0,1997-01-19,Endereço inválido,jardim felicidade,RN
Joana Silva,349.***.***-5,25.0,1999-09-19,Endereço inválido,laranjeiras,PE
Lorenzo Porto,812.***.***-1,64.0,1960-05-14,Endereço inválido,nossa senhora da aparecida,GO
Vitória Barbosa,583.***.***-7,48.0,1976-10-19,Endereço inválido,marieta 2ª seção,ES
Alícia Da Rosa,035.***.***-5,84.0,1940-04-05,Endereço inválido,santa maria,MG
Lucas Monteiro,739.***.***-7,98.0,1926-12-11,Endereço inválido,piratininga,AC
Rodrigo Caldeira,816.***.***-3,48.0,1976-12-22,Endereço inválido,piratininga,MT
Luna Rezende,456.***.***-5,52.0,1972-05-21,Endereço inválido,paulo vi,RN
Diogo Rezende,680.***.***-2,82.0,1943-12-01,Endereço inválido,vila da amizade,PI
Anthony Da Costa,805.***.***-2,66.0,1959-01-09,Endereço inválido,nova cintra,RO
Maria Cecília Vieira,716.***.***-5,59.0,1965-07-10,Endereço inválido,nova esperança,PE
Sra. Maria Julia Novaes,019.***.***-0,43.0,1981-04-27,Endereço inválido,coqueiros,BA
João Pedro Peixoto,243.***.***-5,64.0,1960-02-10,Endereço inválido,acaba mundo,PR
Alana Fernandes,198.***.***-0,48.0,1976-08-29,Endereço inválido,marieta 2ª seção,SC
Sra. Mirella Rezende,247.***.***-5,51.0,1973-08-29,Endereço inválido,vila havaí,ES
Gabrielly Moreira,608.***.***-6,53.0,1971-09-18,Endereço inválido,barão homem de melo 1ª seção,AM
Sra. Sofia Souza,605.***.***-4,91.0,1933-06-14,"vila gomes, 366
serra
76107-117 da costa / pb",serra,PB
Mariane Melo,735.***.***-7,75.0,1949-12-16,Endereço inválido,etelvina carneiro,PR
Lorena Souza,048.***.***-4,37.0,1987-06-15,Endereço inválido,ouro minas,AL
Fernando Da Mata,280.***.***-0,28.0,1996-06-30,Endereço inválido,aparecida 7ª seção,PB
Laura Cardoso,821.***.***-1,30.0,1994-04-26,Endereço inválido,nova america,ES
Marina Da Cruz,724.***.***-2,52.0,1972-06-21,Endereço inválido,santo agostinho,PE
Maria Rocha,163.***.***-0,41.0,1984-11-02,Endereço inválido,vila madre gertrudes 4ª seção,RS
Pedro Henrique Almeida,318.***.***-5,47.0,1977-08-25,Endereço inválido,maria virgínia,AM
Dr. Davi Luiz Nunes,604.***.***-1,89.0,1935-08-19,Endereço inválido,vila ouro minas,SP
Vitor Gabriel Costela,175.***.***-4,57.0,1967-04-15,Endereço inválido,túnel de ibirité,GO
Dr. Luigi Barbosa,641.***.***-3,100.0,1924-11-24,Endereço inválido,salgado filho,PE
Rodrigo Azevedo,687.***.***-7,23.0,2001-12-06,Endereço inválido,califórnia,ES
Pedro Henrique Cardoso,324.***.***-0,51.0,1973-05-31,Endereço inválido,vila jardim são josé,PA
Sr. João Cardoso,032.***.***-7,20.0,2005-03-03,Endereço inválido,maria virgínia,PR
Maria Julia Nunes,381.***.***-3,77.0,1947-10-09,"setor de ferreira
lorena
53700673 da luz / rn",lorena,RN
Fernanda Duarte,453.***.***-1,24.0,2000-10-31,Endereço inválido,bandeirantes,MA
Marcos Vinicius Oliveira,280.***.***-9,82.0,1943-03-02,Endereço inválido,lagoinha leblon,AL
Leandro Aragão,124.***.***-3,100.0,1924-10-17,Endereço inválido,piraja,AC
Maria Alice Vieira,832.***.***-4,70.0,1955-05-04,"via nogueira, 82
andiroba
03233-852 moraes / se",andiroba,SE
Ana Luiza Jesus,541.***.***-9,66.0,1958-06-14,Endereço inválido,Desconhecido,Desconhecido
Guilherme Cardoso,197.***.***-2,72.0,1952-03-27,Endereço inválido,conjunto providencia,RS
Luiz Felipe Azevedo,439.***.***-5,49.0,1975-03-19,Endereço inválido,são benedito,AC
Nathan Araújo,813.***.***-8,61.0,1963-06-14,Endereço inválido,nazare,AM
Clara Ferreira,467.***.***-2,80.0,1945-01-22,Endereço inválido,conjunto paulo vi,MS
Felipe Da Mata,634.***.***-6,87.0,1938-12-02,Endereço inválido,ouro minas,PA
Enzo Gabriel Azevedo,789.***.***-4,68.0,1956-04-27,Endereço inválido,barão homem de melo 1ª seção,SC
Maitê Barbosa,231.***.***-0,21.0,2003-05-18,Endereço inválido,marmiteiros,MS
Srta. Isis Da Cruz,073.***.***-7,90.0,1934-08-30,Endereço inválido,são jorge 2ª seção,TO
Otávio Da Mata,835.***.***-2,52.0,1972-05-06,Endereço inválido,mangueiras,TO
Sophie Castro,165.***.***-0,41.0,1983-05-27,Endereço inválido,bairro das indústrias ii,TO
Diogo Da Cunha,263.***.***-6,34.0,1990-05-29,Endereço inválido,novo glória,RJ
Benício Fernandes,389.***.***-7,31.0,1993-09-13,Endereço inválido,conjunto califórnia i,ES
João Pedro Silva,523.***.***-0,46.0,1978-12-25,Endereço inválido,vila nova gameleira 3ª seção,MG
Heloísa Cunha,260.***.***-8,21.0,2003-11-15,Endereço inválido,ademar maldonado,PI
Bruno Novaes,190.***.***-9,73.0,1951-04-05,Endereço inválido,barroca,MS
Levi Cavalcanti,291.***.***-5,80.0,1944-03-25,"aeroporto aragão, 8
guarani
57857653 rocha / df",guarani,DF
João Pedro Lopes,407.***.***-9,54.0,1970-04-15,Endereço inválido,bacurau,PB
Heloísa Da Luz,569.***.***-5,62.0,1963-01-03,Endereço inválido,estrela,SP
Lorena Gomes,298.***.***-6,20.0,2004-03-18,Endereço inválido,capitão eduardo,AP
Milena Vieira,623.***.***-5,98.0,1927-01-05,Endereço inválido,graça,PB
Milena Ramos,160.***.***-3,47.0,1977-09-06,Endereço inválido,vista do sol,PB
Vitor Hugo Ramos,286.***.***-7,73.0,1951-02-14,Endereço inválido,olaria,MA
Ana Julia Nascimento,197.***.***-3,65.0,1960-10-04,Endereço inválido,coqueiros,SE
Dr. Enrico Carvalho,254.***.***-0,55.0,1969-04-10,Endereço inválido,garças,MT
Vitor Hugo Cunha,701.***.***-3,92.0,1933-02-02,Endereço inválido,capitão eduardo,PA
Dr. Samuel Moura,402.***.***-0,23.0,2001-11-24,Endereço inválido,vista alegre,MT
Luana Nascimento,314.***.***-5,31.0,1993-12-13,Endereço inválido,marajó,CE
Dra. Maria Vitória Viana,250.***.***-0,98.0,1926-03-20,Endereço inválido,morro dos macacos,PR
Sr. Calebe Duarte,936.***.***-0,61.0,1963-05-07,Endereço inválido,vila fumec,AM
Leonardo Costela,624.***.***-2,32.0,1992-11-16,Endereço inválido,caetano furquim,MG
Benício Moreira,136.***.***-2,45.0,1980-01-21,Endereço inválido,leonina,MA
Lucca Mendes,819.***.***-7,84.0,1940-10-16,Endereço inválido,cidade jardim,MG
Sophie Farias,741.***.***-0,88.0,1936-05-09,Endereço inválido,mariquinhas,AM
Bruna Da Rocha,845.***.***-1,63.0,1961-06-10,Endereço inválido,camponesa 2ª seção,TO
Heitor Nascimento,493.***.***-8,82.0,1942-06-30,Endereço inválido,nova pampulha,MT
Rafael Porto,629.***.***-3,28.0,1996-04-24,Endereço inválido,vila boa vista,MG
Luiz Miguel Da Paz,647.***.***-8,31.0,1993-06-20,Endereço inválido,buritis,MG
Srta. Pietra Duarte,913.***.***-0,97.0,1928-07-02,Endereço inválido,pongelupe,PR
Eloah Cunha,908.***.***-6,23.0,2001-10-13,Endereço inválido,aparecida,PI
Bruna Rodrigues,625.***.***-6,22.0,2002-04-06,Endereço inválido,olaria,GO
Felipe Monteiro,172.***.***-6,98.0,1926-12-21,Endereço inválido,novo das industrias,CE
Isis Campos,178.***.***-4,39.0,1986-01-03,Endereço inválido,vila batik,PE
Vitor Novaes,586.***.***-0,78.0,1946-07-07,Endereço inválido,jardim atlântico,PI
Yago Porto,907.***.***-0,43.0,1981-07-29,Endereço inválido,vila piratininga,CE
Guilherme Campos,354.***.***-7,56.0,1968-11-20,Endereço inválido,barro preto,BA
Vitor Moraes,297.***.***-9,27.0,1998-04-02,Endereço inválido,trevo,TO
João Gabriel Jesus,790.***.***-0,99.0,1925-06-10,Endereço inválido,barão homem de melo 2ª seção,ES
Dr. Vitor Hugo Rezende,796.***.***-5,29.0,1995-06-07,Endereço inválido,xodo-marize,AP
Dr. Arthur Carvalho,081.***.***-9,39.0,1985-12-10,Endereço inválido,dona clara,RR
Ryan Mendes,239.***.***-5,46.0,1978-04-27,Endereço inválido,dom silverio,MG
Ana Laura Silva,485.***.***-4,78.0,1946-04-24,Endereço inválido,paulo vi,AM
Lorenzo Novaes,370.***.***-0,45.0,1979-08-31,Endereço inválido,santa lúcia,AL
Cauê Cardoso,019.***.***-6,19.0,2005-08-09,Endereço inválido,são jorge 3ª seção,AL
Dra. Ana Luiza Silveira,324.***.***-4,83.0,1941-05-07,Endereço inválido,cinquentenário,MT
Lavínia Azevedo,318.***.***-0,76.0,1948-10-17,Endereço inválido,olhos d'água,BA
Letícia Jesus,451.***.***-1,77.0,1947-04-25,Endereço inválido,bela vitoria,TO
Bruna Ribeiro,352.***.***-1,72.0,1952-09-11,Endereço inválido,prado,AP
Theo Da Mata,758.***.***-4,67.0,1958-08-04,Endereço inválido,santa helena,AL
João Gabriel Porto,956.***.***-9,52.0,1972-08-14,Endereço inválido,horto,GO
Maria Julia Freitas,178.***.***-5,74.0,1950-08-31,Endereço inválido,liberdade,RS
Dr. Otávio Barros,683.***.***-2,27.0,1997-04-16,Endereço inválido,morro dos macacos,RR
Yasmin Gomes,827.***.***-3,100.0,1924-06-28,Endereço inválido,unidas,MA
Sofia Novaes,576.***.***-8,45.0,1979-07-31,Endereço inválido,coração de jesus,MT
Ian Da Luz,152.***.***-7,36.0,1988-10-26,Endereço inválido,das industrias i,PB
Davi Luiz Souza,857.***.***-5,78.0,1947-10-04,"favela peixoto, 76
mangueiras
26284015 dias / pe",mangueiras,PE
Cecília Araújo,032.***.***-2,21.0,2004-08-02,Endereço inválido,jardim américa,MT
Luiz Gustavo Duarte,381.***.***-4,61.0,1964-10-03,Endereço inválido,maria helena,DF
Ana Julia Cardoso,704.***.***-8,28.0,1996-10-19,Endereço inválido,vila são geraldo,MG
Gabrielly Lima,560.***.***-3,99.0,1925-06-30,Endereço inválido,flavio de oliveira,RN
Heloísa Ribeiro,437.***.***-3,64.0,1960-12-19,Endereço inválido,nova vista,RJ
Letícia Costa,530.***.***-7,44.0,1980-05-19,Endereço inválido,serrano,RN
Ana Beatriz Da Rocha,438.***.***-0,80.0,1944-12-18,Endereço inválido,estrela do oriente,GO
Benjamin Moura,975.***.***-9,22.0,2002-04-15,Endereço inválido,coqueiros,AL
Ana Julia Fogaça,103.***.***-7,38.0,1986-05-15,Endereço inválido,vila real 2ª seção,RR
Clara Da Mata,354.***.***-0,41.0,1983-08-09,Endereço inválido,vila santo antônio,MT
Fernanda Oliveira,102.***.***-1,43.0,1981-10-30,Endereço inválido,olhos d'água,RN
Laura Das Neves,723.***.***-2,25.0,1999-02-26,Endereço inválido,minas brasil,GO
Lívia Teixeira,694.***.***-2,40.0,1984-05-09,Endereço inválido,vila são joão batista,AL
Eloah Moreira,904.***.***-0,90.0,1934-06-08,Endereço inválido,vila nova dos milionarios,CE
Lívia Cardoso,619.***.***-6,88.0,1936-05-14,Endereço inválido,nova vista,PE
Augusto Freitas,930.***.***-0,63.0,1961-08-23,Endereço inválido,alpes,AL
Raquel Fernandes,467.***.***-9,77.0,1947-05-24,Endereço inválido,vila de sá,AM
Sr. Anthony Da Costa,614.***.***-0,33.0,1991-06-12,Endereço inválido,vila são francisco,PI
Murilo Melo,431.***.***-8,23.0,2001-11-21,"trecho pires, 10
nazare
61544643 fogaça / ms",nazare,MS
Srta. Mirella Barbosa,430.***.***-7,86.0,1939-01-31,Endereço inválido,glória,SE
Gabriela Das Neves,437.***.***-6,41.0,1983-04-17,Endereço inválido,distrito industrial do jatoba,AL
Bruno Da Cunha,259.***.***-2,30.0,1994-05-08,Endereço inválido,bonsucesso,MA
Alexandre Rodrigues,740.***.***-8,58.0,1966-07-07,"vale rezende, 20
juliana
20752-947 sales / al",juliana,AL
Natália Rezende,784.***.***-1,62.0,1962-04-30,Endereço inválido,são lucas,MG
Emilly Caldeira,732.***.***-0,24.0,2000-05-28,Endereço inválido,boa vista,MA
Levi Azevedo,639.***.***-9,85.0,1939-02-05,Endereço inválido,primeiro de maio,PI
Nicole Da Rocha,567.***.***-9,24.0,2000-10-07,Endereço inválido,lajedo,CE
Joana Moreira,435.***.***-5,65.0,1959-08-18,Endereço inválido,novo glória,DF
Maria Eduarda Almeida,573.***.***-5,72.0,1952-03-12,Endereço inválido,santa helena,PB
Marcela Da Cruz,876.***.***-7,92.0,1932-03-05,Endereço inválido,santa rita de cássia,CE
Helena Nunes,843.***.***-4,87.0,1937-08-16,Endereço inválido,vila são dimas,SC
Isaac Oliveira,209.***.***-0,51.0,1973-08-22,Endereço inválido,santa cecilia,MT
Manuela Pinto,094.***.***-2,40.0,1984-04-13,Endereço inválido,beira linha,AM
Bryan Ramos,681.***.***-9,37.0,1988-06-03,Endereço inválido,união,MS
Sr. Enzo Gabriel Fernandes,769.***.***-2,19.0,2005-08-24,Endereço inválido,vila madre gertrudes 2ª seção,RR
Brenda Ramos,269.***.***-8,98.0,1926-04-19,Endereço inválido,conjunto são francisco de assis,PI
Yuri Rezende,564.***.***-8,98.0,1926-04-17,Endereço inválido,vila santo antônio barroquinha,AC
Luiz Miguel Da Costa,630.***.***-3,74.0,1950-03-09,Endereço inválido,conjunto capitão eduardo,PR
Enzo Nogueira,187.***.***-6,64.0,1961-08-01,Endereço inválido,xangri-lá,PB
Davi Lucca Azevedo,035.***.***-1,68.0,1956-09-30,Endereço inválido,camponesa 2ª seção,PA
Luiz Otávio Fernandes,716.***.***-8,70.0,1954-08-08,Endereço inválido,vila piratininga,PE
Thomas Correia,083.***.***-6,77.0,1947-02-14,Endereço inválido,conjunto celso machado,AC
Davi Lucca Teixeira,647.***.***-2,83.0,1941-11-16,Endereço inválido,mirtes,GO
Luiz Gustavo Ribeiro,149.***.***-7,30.0,1994-09-19,Endereço inválido,gameleira,PA
Pietra Da Mata,427.***.***-0,67.0,1957-05-27,Endereço inválido,vila paquetá,AP
Joaquim Azevedo,016.***.***-1,69.0,1955-03-25,Endereço inválido,conjunto jatoba,RN
Sra. Agatha Melo,506.***.***-6,26.0,1998-02-10,Endereço inválido,mariquinhas,RN
Maria Julia Lopes,613.***.***-6,56.0,1969-04-02,Endereço inválido,tiradentes,GO
Dr. Marcelo Cardoso,862.***.***-0,79.0,1945-04-15,Endereço inválido,pedreira padro lopes,RN
Catarina Moreira,207.***.***-1,33.0,1991-03-29,Endereço inválido,conjunto minas caixa,RO
Heitor Vieira,089.***.***-9,75.0,1950-01-27,"morro aragão, 796
estrela
42612-351 lima / mt",estrela,MT
Luiz Fernando Da Luz,071.***.***-0,74.0,1950-04-09,Endereço inválido,parque são josé,RR
Sabrina Silva,216.***.***-6,85.0,1939-06-06,Endereço inválido,lagoa,AL
Luiz Henrique Martins,648.***.***-8,46.0,1978-10-21,Endereço inválido,heliopolis,RJ
Catarina Carvalho,196.***.***-1,47.0,1977-05-29,Endereço inválido,minas caixa,AL
Ana Vitória Azevedo,529.***.***-0,77.0,1947-08-10,Endereço inválido,funcionários,AP
Thales Campos,412.***.***-8,81.0,1943-03-08,Endereço inválido,marieta 2ª seção,SP
Thales Oliveira,369.***.***-5,83.0,1941-06-24,Endereço inválido,vila nova cachoeirinha 3ª seção,AM
Fernanda Cavalcanti,912.***.***-5,71.0,1953-11-28,Endereço inválido,petropolis,AP
Dr. João Gabriel Da Conceição,831.***.***-0,47.0,1977-08-31,Endereço inválido,bela vitoria,RR
Noah Barros,310.***.***-8,33.0,1991-12-22,Endereço inválido,belvedere,MS
Dr. Felipe Novaes,685.***.***-5,52.0,1972-10-29,Endereço inválido,pindura saia,RJ
Luiz Fernando Aragão,120.***.***-0,20.0,2004-09-15,Endereço inválido,distrito industrial do jatoba,SE
Ana Júlia Cardoso,812.***.***-7,84.0,1941-11-04,"vila silveira, 86
gameleira
42269180 barros / pb",gameleira,PB
Marina Ramos,068.***.***-1,61.0,1963-05-08,Endereço inválido,urca,MT
Dra. Joana Lopes,619.***.***-1,58.0,1966-06-26,Endereço inválido,dom cabral,SP
Isabel Duarte,146.***.***-8,58.0,1966-12-27,Endereço inválido,vila jardim montanhes,MT
Paulo Jesus,078.***.***-9,54.0,1970-04-25,Endereço inválido,santa lúcia,PR
Laura Costa,540.***.***-2,84.0,1940-02-27,Endereço inválido,alto vera cruz,AP
Sra. Milena Pinto,280.***.***-2,64.0,1960-02-29,Endereço inválido,sion,RO
Danilo Ribeiro,109.***.***-8,68.0,1956-06-20,Endereço inválido,venda nova,TO
Lívia Nunes,742.***.***-2,49.0,1975-03-14,Endereço inválido,pousada santo antonio,PI
Alícia Rodrigues,349.***.***-1,52.0,1972-08-26,Endereço inválido,esplanada,RS
Agatha Rezende,057.***.***-7,95.0,1929-10-25,Endereço inválido,grajaú,RR
Juliana Santos,605.***.***-5,94.0,1930-09-18,Endereço inválido,são jorge 3ª seção,MS
Maria Fernanda Da Conceição,408.***.***-5,63.0,1961-09-26,Endereço inválido,alto barroca,RJ
Daniela Barbosa,861.***.***-6,36.0,1988-04-19,Endereço inválido,das industrias i,DF
Arthur Pinto,562.***.***-2,31.0,1993-07-08,Endereço inválido,vista do sol,SP
Emanuel Aragão,910.***.***-5,43.0,1982-09-04,Endereço inválido,conjunto são francisco de assis,SC
Dra. Alice Vieira,936.***.***-0,78.0,1946-12-28,Endereço inválido,das industrias i,MA
Maria Cecília Moreira,805.***.***-7,65.0,1959-02-18,Endereço inválido,vila oeste,DF
,532.***.***-4,75.0,1950-10-01,Endereço inválido,vila petropolis,PE
Maria Vitória Campos,380.***.***-5,56.0,1968-07-05,Endereço inválido,canadá,MA
Isabel Da Conceição,819.***.***-9,90.0,1934-11-12,Endereço inválido,bela vitoria,CE
,013.***.***-6,45.0,1979-09-06,Endereço inválido,vila jardim são josé,AL
Dr. Thomas Nunes,967.***.***-4,82.0,1942-08-14,Endereço inválido,vila da luz,SE
Lucca Moura,718.***.***-3,38.0,1986-12-20,Endereço inválido,santa amelia,SE
Diogo Souza,169.***.***-9,66.0,1958-07-13,Endereço inválido,vila satélite,AP
Juliana Costa,980.***.***-3,54.0,1970-08-20,Endereço inválido,vila são rafael,AL
Eduarda Da Costa,739.***.***-4,89.0,1935-07-10,Endereço inválido,das industrias i,MT
Alana Freitas,427.***.***-7,51.0,1973-07-15,Endereço inválido,diamante,BA
Murilo Ramos,374.***.***-0,98.0,1927-01-02,Endereço inválido,aparecida 7ª seção,DF
Cecília Souza,294.***.***-3,21.0,2003-04-15,Endereço inválido,novo glória,BA
Raul Martins,187.***.***-2,97.0,1927-10-17,Endereço inválido,saudade,RR
Renan Cavalcanti,072.***.***-7,70.0,1954-05-29,Endereço inválido,álvaro camargos,CE
Sr. Diego Pires,842.***.***-4,35.0,1989-10-25,Endereço inválido,aarão reis,AC
Sofia Da Rocha,719.***.***-0,58.0,1966-10-08,Endereço inválido,vila oeste,CE
Lorenzo Dias,271.***.***-0,99.0,1925-09-08,Endereço inválido,jardim vitoria,SC
Sr. Vitor Souza,426.***.***-8,75.0,1950-11-04,Endereço inválido,vila vista alegre,MG
Vitor Gabriel Cardoso,354.***.***-5,31.0,1993-10-14,Endereço inválido,são cristóvão,GO
Pedro Rodrigues,790.***.***-2,99.0,1925-07-17,Endereço inválido,araguaia,PI
Eduarda Teixeira,745.***.***-1,77.0,1947-07-26,Endereço inválido,são marcos,MA
Daniel Oliveira,753.***.***-0,35.0,1989-09-09,Endereço inválido,copacabana,DF
Isadora Nogueira,129.***.***-0,30.0,1994-10-29,Endereço inválido,candelaria,PR
Sr. Fernando Moraes,768.***.***-9,97.0,1927-08-06,"área moreira, 8
grajaú
53772543 lima / pa",grajaú,PA
Luiza Araújo,246.***.***-1,70.0,1954-03-28,Endereço inválido,mirtes,CE
Maria Luiza Pires,620.***.***-6,47.0,1977-08-23,Endereço inválido,vila havaí,SC
João Lucas Das Neves,974.***.***-4,49.0,1975-03-17,Endereço inválido,serra do curral,SP
Vitor Gabriel Carvalho,387.***.***-9,87.0,1937-08-14,Endereço inválido,sagrada família,PR
Henrique Sales,196.***.***-3,58.0,1966-05-21,Endereço inválido,petropolis,BA
Henrique Ferreira,360.***.***-0,30.0,1994-10-25,"lago de lopes, 6
floramar
54884-139 barbosa / go",floramar,GO
Dra. Raquel Da Mota,263.***.***-7,34.0,1991-01-02,Endereço inválido,santa sofia,TO
Levi Melo,513.***.***-0,37.0,1988-05-03,Endereço inválido,vila nova paraíso,MS
Ana Luiza Gomes,287.***.***-1,33.0,1991-08-14,Endereço inválido,pilar,PA
Isaac Fernandes,572.***.***-0,78.0,1946-04-26,Endereço inválido,minas caixa,PI
Leandro Fernandes,018.***.***-1,66.0,1958-10-19,Endereço inválido,silveira,BA
Dr. Breno Sales,135.***.***-4,78.0,1946-05-08,Endereço inválido,coração de jesus,AL
Rafael Araújo,481.***.***-1,85.0,1939-09-25,Endereço inválido,alta tensão 1ª seção,CE
Eduardo Da Costa,043.***.***-3,74.0,1950-06-14,Endereço inválido,camponesa 2ª seção,PA
Dra. Larissa Fernandes,562.***.***-0,98.0,1926-07-18,Endereço inválido,são francisco,ES
Milena Da Rocha,864.***.***-4,81.0,1944-01-20,Endereço inválido,piratininga,MS
Eduarda Aragão,362.***.***-9,77.0,1947-10-07,Endereço inválido,nova esperança,TO
Sr. Ian Barbosa,149.***.***-7,67.0,1957-10-27,Endereço inválido,vila nova gameleira 2ª seção,PB
Ian Cardoso,731.***.***-7,84.0,1940-04-23,Endereço inválido,jardim montanhês,AP
Vitor Gabriel Ferreira,916.***.***-0,54.0,1970-10-29,Endereço inválido,silveira,SE
Rodrigo Melo,982.***.***-8,45.0,1980-07-04,Endereço inválido,são jorge 3ª seção,AC
Anthony Rezende,831.***.***-6,94.0,1930-07-16,Endereço inválido,beija flor,SC
Sra. Bianca Farias,783.***.***-2,33.0,1991-10-30,"viela campos, 2
anchieta
65687060 gonçalves / mg",anchieta,MG
João Carvalho,298.***.***-5,92.0,1932-10-22,"vereda de aragão, 15
horto
91408-129 novaes / rr",horto,RR
Benício Da Costa,783.***.***-0,30.0,1995-07-03,"vereda de souza, 13
europa
86657-778 pires / pr",europa,PR
Yuri Alves,896.***.***-0,87.0,1937-10-16,Endereço inválido,ouro minas,SE
Gabriela Da Rosa,210.***.***-3,77.0,1947-12-18,Endereço inválido,ribeiro de abreu,AL
Eduarda Da Conceição,238.***.***-0,100.0,1925-01-09,Endereço inválido,joão pinheiro,ES
Vicente Aragão,875.***.***-8,98.0,1927-11-03,Endereço inválido,vila inestan,AL
Srta. Sabrina Teixeira,682.***.***-8,89.0,1936-06-01,Endereço inválido,jonas veiga,AP
Antônio Santos,198.***.***-0,86.0,1938-09-14,"morro da rocha, 84
tirol
24197526 moura / mt",tirol,MT
Dr. Lucca Pinto,526.***.***-0,22.0,2002-10-26,Endereço inválido,acaba mundo,DF
Emilly Vieira,924.***.***-3,73.0,1952-11-01,Endereço inválido,penha,RS
Dr. Gabriel Da Mata,701.***.***-6,59.0,1965-02-28,Endereço inválido,horto,RS
Emanuella Azevedo,406.***.***-0,70.0,1954-11-23,Endereço inválido,ápia,GO
Ana Julia Rocha,618.***.***-6,48.0,1976-08-18,Endereço inválido,boa união 1ª seção,PI
Milena Castro,482.***.***-8,60.0,1964-02-06,Endereço inválido,conjunto floramar,RJ
Lavínia Peixoto,204.***.***-5,73.0,1951-11-08,Endereço inválido,estrela do oriente,RN
Enzo Gabriel Gomes,893.***.***-4,29.0,1995-12-20,Endereço inválido,madri,MG
Laura Fogaça,196.***.***-8,35.0,1989-12-12,Endereço inválido,pompéia,PA
Sr. Vitor Da Mata,062.***.***-7,61.0,1963-10-06,Endereço inválido,Desconhecido,Desconhecido
Sophie Pinto,023.***.***-4,30.0,1995-01-27,Endereço inválido,vila atila de paiva,SC
Sr. Kaique Peixoto,726.***.***-4,62.0,1962-03-20,Endereço inválido,vila vista alegre,ES
Luiz Henrique Mendes,248.***.***-7,91.0,1934-01-18,Endereço inválido,vila sesc,RO
Sr. Felipe Barros,569.***.***-5,49.0,1975-04-08,Endereço inválido,mangabeiras,TO
Ana Beatriz Pereira,798.***.***-0,55.0,1970-01-01,Endereço inválido,jaraguá,MG
Sr. Rafael Silva,238.***.***-1,27.0,1997-04-26,Endereço inválido,sagrada família,PE
Dra. Olivia Mendes,189.***.***-0,91.0,1933-10-10,Endereço inválido,jardim guanabara,RR
Eduardo Sales,052.***.***-7,40.0,1984-12-11,Endereço inválido,tres marias,DF
André Rodrigues,375.***.***-9,73.0,1951-02-18,Endereço inválido,barreiro,GO
Sophia Cavalcanti,092.***.***-5,92.0,1932-05-25,Endereço inválido,vila madre gertrudes 3ª seção,PR
Carolina Sales,519.***.***-4,32.0,1992-02-06,Endereço inválido,etelvina carneiro,DF
Lucas Monteiro,654.***.***-3,77.0,1947-06-29,Endereço inválido,trevo,PI
João Felipe Dias,850.***.***-4,53.0,1972-04-03,Endereço inválido,santa helena,SE
Dr. Ian Fogaça,248.***.***-3,94.0,1931-01-25,Endereço inválido,vila barragem santa lúcia,RJ
Lorena Barros,785.***.***-1,84.0,1940-04-24,Endereço inválido,novo ouro preto,MG
Sra. Ana Clara Teixeira,760.***.***-5,50.0,1974-11-23,Endereço inválido,mangabeiras,SE
Natália Monteiro,481.***.***-6,82.0,1942-10-22,Endereço inválido,conjunto taquaril,AM
Eduarda Duarte,893.***.***-3,21.0,2003-10-10,Endereço inválido,vila da paz,CE
Larissa Carvalho,632.***.***-3,92.0,1932-05-21,Endereço inválido,santo andré,AL
Lara Moraes,549.***.***-0,20.0,2005-09-02,Endereço inválido,garças,PI
Sophie Da Rosa,254.***.***-5,98.0,1926-10-06,Endereço inválido,vila ouro minas,AM
Olivia Martins,391.***.***-3,83.0,1941-04-13,Endereço inválido,jonas veiga,DF
Thomas Barros,105.***.***-1,73.0,1951-07-31,Endereço inválido,andiroba,AM
Davi Luiz Azevedo,478.***.***-3,60.0,1964-11-30,Endereço inválido,engenho nogueira,PB
Danilo Santos,297.***.***-5,98.0,1926-12-17,Endereço inválido,pirineus,AC
Sr. Enzo Porto,496.***.***-6,99.0,1925-04-20,Endereço inválido,conjunto providencia,MA
Bianca Alves,304.***.***-5,68.0,1956-11-22,Endereço inválido,brasil industrial,MS
Alexia Das Neves,267.***.***-0,86.0,1938-04-16,Endereço inválido,vila cloris,SE
Esther Campos,523.***.***-5,59.0,1965-07-25,Endereço inválido,nova vista,PI
Ana Júlia Freitas,584.***.***-1,59.0,1965-06-28,Endereço inválido,santa margarida,AC
Maria Vitória Da Mata,826.***.***-7,58.0,1967-01-02,Endereço inválido,vila santa monica 2ª seção,RO
Ryan Da Mata,172.***.***-8,21.0,2003-06-17,Endereço inválido,marieta 2ª seção,GO
Emilly Ribeiro,584.***.***-0,22.0,2002-03-16,Endereço inválido,mala e cuia,PA
Bernardo Pinto,217.***.***-1,95.0,1929-10-07,Endereço inválido,vila petropolis,PA
Nicole Peixoto,829.***.***-8,69.0,1956-12-02,"distrito moraes
indaiá
48826-926 fernandes / ms",indaiá,MS
Isaac Da Conceição,867.***.***-8,76.0,1948-11-10,Endereço inválido,suzana,AM
Davi Lucca Santos,571.***.***-7,63.0,1962-01-22,Endereço inválido,antonio ribeiro de abreu 1ª seção,RJ
Paulo Lopes,186.***.***-1,68.0,1956-05-05,Endereço inválido,ernesto nascimento,MG
Sophie Vieira,938.***.***-8,37.0,1987-06-09,Endereço inválido,jaqueline,MA
Rodrigo Da Cruz,648.***.***-1,52.0,1973-01-20,"favela costa, 372
serra
52549990 da mota / go",serra,GO
Sr. Samuel Barbosa,903.***.***-2,31.0,1993-12-08,"distrito jesus, 34
vila rica
50869292 sales / rs",vila rica,RS
Dr. Cauê Ramos,109.***.***-3,71.0,1953-07-26,Endereço inválido,álvaro camargos,DF
Bruno Jesus,354.***.***-4,27.0,1997-03-19,Endereço inválido,tirol,RN
Lívia Correia,843.***.***-6,53.0,1972-01-20,Endereço inválido,carlos prates,MS
Enrico Da Rocha,241.***.***-0,27.0,1997-08-11,Endereço inválido,vila são dimas,PA
Rafaela Aragão,269.***.***-2,74.0,1950-06-18,Endereço inválido,marajó,PB
Dr. Marcos Vinicius Farias,475.***.***-8,89.0,1936-01-19,Endereço inválido,jardim são josé,MA
Larissa Lopes,015.***.***-1,78.0,1946-03-27,Endereço inválido,floramar,SC
Isadora Carvalho,917.***.***-1,100.0,1924-09-06,Endereço inválido,são joão,SC
Sr. Vitor Da Rocha,234.***.***-5,78.0,1946-05-21,Endereço inválido,serra do curral,TO
Isadora Pereira,501.***.***-0,93.0,1932-01-08,Endereço inválido,pompéia,BA
Dr. Bernardo Da Cunha,147.***.***-7,51.0,1973-10-24,Endereço inválido,lagoinha leblon,MT
Gabrielly Mendes,954.***.***-5,47.0,1977-04-13,Endereço inválido,céu azul,RJ
Sr. Bruno Da Mata,473.***.***-9,94.0,1930-03-18,Endereço inválido,vila calafate,TO
Breno Rocha,237.***.***-5,61.0,1964-05-01,Endereço inválido,tres marias,PA
Luigi Ferreira,148.***.***-1,70.0,1954-08-11,Endereço inválido,nossa senhora aparecida,AP
Davi Lucca Da Cruz,862.***.***-7,72.0,1952-08-19,Endereço inválido,vila são dimas,AL
Henrique Almeida,824.***.***-3,60.0,1964-10-26,Endereço inválido,dona clara,MS
Dr. Vitor Hugo Caldeira,943.***.***-4,37.0,1988-01-29,Endereço inválido,vila dos anjos,SE
Alexia Souza,348.***.***-4,71.0,1953-09-20,"lagoa alves, 97
buritis
77554-758 dias / mt",buritis,MT
Luiza Azevedo,683.***.***-9,74.0,1950-10-15,Endereço inválido,alípio de melo,AL
Dr. Kaique Da Mota,143.***.***-6,93.0,1932-10-03,Endereço inválido,nossa senhora aparecida,TO
Laura Lima,051.***.***-4,83.0,1941-07-19,"área oliveira, 91
são paulo
64776374 nunes / sp",são paulo,SP
Raul Rodrigues,039.***.***-0,55.0,1969-03-10,Endereço inválido,estrela,BA
Joaquim Melo,305.***.***-2,92.0,1932-11-23,Endereço inválido,vila santo antônio,PE
Benjamin Cardoso,054.***.***-4,81.0,1943-09-08,Endereço inválido,são bento,AL
João Miguel Lopes,741.***.***-2,34.0,1990-05-07,"via de nunes, 63
olaria
31900805 alves / es",olaria,ES
Letícia Da Mota,587.***.***-0,24.0,2000-02-26,Endereço inválido,mariano de abreu,CE
Levi Da Rocha,840.***.***-9,41.0,1983-10-09,Endereço inválido,vila da ária,AC
Lorena Caldeira,625.***.***-6,54.0,1971-02-02,Endereço inválido,conjunto jatoba,BA
Cauê Nogueira,473.***.***-6,97.0,1927-08-30,Endereço inválido,conjunto providencia,ES
Sra. Yasmin Ferreira,805.***.***-6,86.0,1938-08-29,Endereço inválido,custodinha,RN
Nicole Almeida,529.***.***-7,90.0,1934-03-05,Endereço inválido,goiania,MG
Fernando Pereira,560.***.***-5,47.0,1977-03-11,Endereço inválido,alto das antenas,PR
Breno Pereira,916.***.***-9,29.0,1995-08-09,Endereço inválido,vila rica,PI
Clara Dias,190.***.***-5,39.0,1985-11-16,Endereço inválido,outro,DF
Dra. Milena Vieira,237.***.***-8,70.0,1954-09-16,Endereço inválido,granja de freitas,MG
Vitor Gabriel Porto,394.***.***-4,87.0,1937-06-14,Endereço inválido,savassi,ES
Sr. Erick Da Rosa,971.***.***-8,26.0,1998-12-14,Endereço inválido,vila são joão batista,AL
Marcos Vinicius Da Cunha,709.***.***-0,33.0,1991-07-25,Endereço inválido,vila nova,RN
Sra. Nina Pires,651.***.***-2,45.0,1979-09-23,Endereço inválido,vila suzana primeira seção,RS
Felipe Ribeiro,259.***.***-6,78.0,1946-10-24,Endereço inválido,vila santa rosa,PE
Maria Julia Porto,864.***.***-0,36.0,1989-01-18,Endereço inválido,vila suzana primeira seção,GO
Pedro Cardoso,125.***.***-5,36.0,1988-05-28,Endereço inválido,itaipu,PA
Rebeca Da Paz,047.***.***-6,58.0,1966-04-11,"sítio de costa, 5
pantanal
19576291 costa / to",pantanal,TO
Enrico Gonçalves,637.***.***-4,85.0,1940-01-24,Endereço inválido,conjunto são francisco de assis,MG
Murilo Campos,031.***.***-2,98.0,1926-09-20,Endereço inválido,joão paulo ii,SP
Olivia Porto,608.***.***-6,39.0,1985-12-23,Endereço inválido,bela vitoria,AC
Mirella Da Conceição,854.***.***-0,40.0,1984-11-21,Endereço inválido,maria tereza,AM
Stephany Cardoso,453.***.***-4,90.0,1934-06-09,Endereço inválido,são joão batista,RO
Sr. Enrico Melo,829.***.***-8,100.0,1924-09-05,Endereço inválido,caetano furquim,GO
Dr. Gabriel Souza,432.***.***-5,24.0,2000-06-21,Endereço inválido,são geraldo,CE
Davi Jesus,914.***.***-7,52.0,1972-11-27,Endereço inválido,cdi jatoba,RO
Guilherme Freitas,517.***.***-0,44.0,1980-07-12,Endereço inválido,santa sofia,SE
Theo Costa,705.***.***-4,82.0,1942-07-20,Endereço inválido,vila batik,RN
Dr. Gustavo Henrique Das Neves,430.***.***-0,99.0,1925-11-26,Endereço inválido,piraja,MA
Maria Luiza Gomes,821.***.***-5,81.0,1944-11-02,Endereço inválido,xodo-marize,BA
Davi Lucas Peixoto,610.***.***-0,37.0,1987-04-07,Endereço inválido,canaa,RJ
Bruna Almeida,610.***.***-5,72.0,1952-03-26,Endereço inválido,varzea da palma,PR
Juliana Ramos,846.***.***-0,21.0,2003-07-11,Endereço inválido,horto florestal,AM
Sarah Nascimento,560.***.***-9,78.0,1946-06-30,Endereço inválido,planalto,MT
Brenda Da Luz,037.***.***-2,74.0,1950-03-11,Endereço inválido,lagoa,PE
Heloísa Da Costa,648.***.***-1,81.0,1943-08-12,Endereço inválido,vila dos anjos,SE
Emanuella Araújo,758.***.***-8,64.0,1960-02-21,Endereço inválido,jardim guanabara,AC
Vitor Viana,036.***.***-3,66.0,1958-04-13,Endereço inválido,urca,AC
Yago Lopes,720.***.***-5,76.0,1948-05-05,Endereço inválido,nova gameleira,RO
Lívia Souza,308.***.***-5,36.0,1988-09-11,Endereço inválido,laranjeiras,CE
Gabriela Cavalcanti,359.***.***-4,57.0,1967-04-05,Endereço inválido,são josé,MA
Enzo Nogueira,309.***.***-0,83.0,1942-01-30,Endereço inválido,vila são joão batista,MG
Dr. Ian Barbosa,412.***.***-0,91.0,1933-04-10,Endereço inválido,gameleira,PI
Gabriela Rocha,348.***.***-3,35.0,1989-11-17,Endereço inválido,pedreira padro lopes,MA
Maria Julia Martins,576.***.***-1,82.0,1942-11-12,Endereço inválido,jatobá,PB
Dra. Marina Santos,950.***.***-0,58.0,1966-04-11,Endereço inválido,união,DF
Heloísa Teixeira,635.***.***-0,88.0,1936-05-23,Endereço inválido,bonsucesso,PA
Paulo Farias,593.***.***-1,73.0,1951-11-18,Endereço inválido,providencia,AP
Gabrielly Cardoso,127.***.***-4,96.0,1928-07-26,"estrada da cruz
aparecida
12482-253 alves / ap",aparecida,AP
Davi Aragão,598.***.***-2,36.0,1988-09-24,Endereço inválido,vila santo antônio,SE
Yago Peixoto,380.***.***-0,95.0,1929-02-12,Endereço inválido,vila betânia,PI
Erick Da Conceição,983.***.***-8,61.0,1963-08-25,"morro nunes, 657
ipe
17146-952 campos / ce",ipe,CE
Isis Araújo,216.***.***-1,70.0,1954-06-08,Endereço inválido,vila oeste,SP
Dr. Nicolas Rezende,460.***.***-4,43.0,1982-07-01,Endereço inválido,flavio de oliveira,PA
Sr. Samuel Nascimento,914.***.***-2,66.0,1958-12-09,Endereço inválido,nova pampulha,AC
Sra. Maria Fernanda Barbosa,718.***.***-0,91.0,1934-11-02,Endereço inválido,vila são paulo,GO
Luiz Felipe Farias,069.***.***-7,81.0,1943-04-26,Endereço inválido,castelo,AL
Sr. Calebe Silva,402.***.***-4,62.0,1962-05-24,Endereço inválido,santa branca,ES
Emanuella Gonçalves,107.***.***-0,70.0,1954-07-17,Endereço inválido,Desconhecido,Desconhecido
Augusto Oliveira,246.***.***-1,32.0,1992-02-27,Endereço inválido,vera cruz,RO
Pedro Azevedo,953.***.***-6,69.0,1956-03-02,Endereço inválido,comiteco,RS
Sra. Maria Luiza Fogaça,650.***.***-0,68.0,1956-12-12,Endereço inválido,santo agostinho,MT
Eduarda Oliveira,365.***.***-8,59.0,1965-09-27,Endereço inválido,silveira,PB
Paulo Ramos,490.***.***-4,22.0,2002-11-13,Endereço inválido,vila mantiqueira,DF
Beatriz Pires,275.***.***-2,34.0,1990-03-11,"recanto de castro
centro
11181216 nogueira / ma",centro,MA
Fernando Azevedo,790.***.***-9,29.0,1995-05-19,Endereço inválido,jardim são josé,RO
Eloah Silva,037.***.***-6,89.0,1935-03-30,Endereço inválido,barão homem de melo 2ª seção,BA
Caio Araújo,407.***.***-1,35.0,1989-12-18,Endereço inválido,casa branca,GO
Sra. Valentina Sales,269.***.***-3,85.0,1939-08-08,"sítio ramos, 73
cachoeirinha
27212763 jesus / mg",cachoeirinha,MG
Melissa Cunha,719.***.***-7,25.0,1999-02-17,Endereço inválido,conjunto minas caixa,MT
Laís Da Paz,139.***.***-3,98.0,1927-01-09,Endereço inválido,vila ecológica,SP
Heitor Silveira,183.***.***-8,89.0,1935-02-19,Endereço inválido,santa maria,MA
Fernanda Moraes,064.***.***-4,45.0,1979-03-18,Endereço inválido,alta tensão 2ª seção,PI
Alana Souza,801.***.***-4,51.0,1973-12-06,"praia moreira, 1
cardoso
95586377 rezende / se",cardoso,SE
Srta. Caroline Da Rosa,192.***.***-9,52.0,1972-05-26,Endereço inválido,buraco quente,SP
Stephany Vieira,682.***.***-2,47.0,1977-05-22,Endereço inválido,jonas veiga,MS
Enzo Barros,794.***.***-1,68.0,1957-01-13,Endereço inválido,nova floresta,GO
Caroline Peixoto,036.***.***-3,68.0,1957-11-02,Endereço inválido,vila união,RR
Maria Vitória Novaes,804.***.***-5,40.0,1984-08-08,Endereço inválido,ouro preto,GO
Bruna Moura,240.***.***-0,94.0,1930-02-13,Endereço inválido,universo,MG
Maitê Peixoto,501.***.***-5,62.0,1962-04-07,Endereço inválido,serra,PI
Dr. Anthony Barbosa,749.***.***-2,20.0,2004-03-18,Endereço inválido,pompéia,AP
Alexandre Jesus,269.***.***-3,70.0,1955-03-01,Endereço inválido,vila santa monica 2ª seção,BA
Marcos Vinicius Campos,421.***.***-2,46.0,1978-11-19,Endereço inválido,são josé,RJ
Rebeca Da Rosa,640.***.***-2,12.0,2013-01-01,Endereço inválido,barroca,SC
Henrique Monteiro,378.***.***-7,6.0,2018-03-09,Endereço inválido,nossa senhora da conceição,SP
Luigi Da Rosa,316.***.***-8,6.0,2018-08-23,Endereço inválido,cinquentenário,MG
Melissa Dias,170.***.***-0,10.0,2014-02-21,Endereço inválido,biquinhas,PI
Igor Ramos,695.***.***-7,7.0,2017-06-29,Endereço inválido,beija flor,AC
Alice Cardoso,123.***.***-0,5.0,2019-10-14,Endereço inválido,são bento,PR
Breno Freitas,205.***.***-4,17.0,2008-03-03,Endereço inválido,nova suíça,PA
Ana Lívia Da Paz,347.***.***-6,19.0,2006-09-01,Endereço inválido,califórnia,RJ
Sr. Daniel Cavalcanti,609.***.***-3,7.0,2018-01-09,Endereço inválido,sion,GO
Sr. Pedro Cavalcanti,863.***.***-8,2.0,2022-12-20,Endereço inválido,nossa senhora do rosário,BA
Nome inválido,930.***.***-3,39.0,1985-10-14,Endereço inválido,jardim américa,RN
Nome inválido,146.***.***-0,94.0,1930-08-27,Endereço inválido,atila de paiva,PB
Renan Da Luz,294.***.***-2,75.0,1949-07-29,Endereço inválido,bairro não cadastrado,PR
Caroline Costa,401.***.***-8,21.0,2003-02-20,Endereço inválido,bairro não cadastrado,RS
Giovanna Farias,241.***.***-3,41.0,1983-08-14,Endereço inválido,bairro não cadastrado,RJ
Maitê Araújo,496.***.***-5,53.0,1971-07-10,Endereço inválido,bairro não cadastrado,RS
Lavínia Da Mota,039.***.***-0,22.0,2003-01-31,Endereço inválido,bairro não cadastrado,ES
Igor Cardoso,345.***.***-0,50.0,1975-01-25,Endereço inválido,bairro não cadastrado,AM
Maria Julia Campos,018.***.***-1,99.0,1925-08-08,Endereço inválido,bairro não cadastrado,MG
Marcos Vinicius Das Neves,617.***.***-0,86.0,1938-03-23,Endereço inválido,bairro não cadastrado,RO
Isabel Barbosa,986.***.***-0,27.0,1997-12-17,Endereço inválido,bairro não cadastrado,MG
Ryan Gomes,861.***.***-6,58.0,1966-05-17,Endereço inválido,bairro não cadastrado,SP
Breno Duarte,463.***.***-9,67.0,1957-10-07,Endereço inválido,bairro não cadastrado,TO
Eloah Peixoto,064.***.***-1,80.0,1944-05-23,Endereço inválido,bairro não cadastrado,MG
Luiza Sales,726.***.***-8,57.0,1968-05-01,Endereço inválido,bairro não cadastrado,GO
Dr. Alexandre Sales,427.***.***-4,88.0,1936-06-05,Endereço inválido,bairro não cadastrado,SP
Alícia Campos,162.***.***-9,49.0,1975-03-20,Endereço inválido,bairro não cadastrado,GO
Luigi Porto,826.***.***-8,44.0,1980-08-18,Endereço inválido,são joão,PI
